TAXID	ACCESSION
349163	ABQ31345.1
349163	ABQ32027.1
926570	BAJ81738.1
926570	BAJ82523.1
2763107	QNI33254.1
1930276	QDS99909.1
2010829	BBD81266.1
2010829	BBD79433.1
1031710	AEI02948.1
1031710	AEI02946.1
504832	ACI93335.1
504832	AEI06522.1
504832	ACI93333.1
504832	AEI06524.1
1882747	SDM87506.1
1882747	SDM87576.1
1882747	SDN15837.1
2705473	QYH39687.1
2705473	QYH37498.1
2705473	QYH37500.1
1036172	AGR77970.1
1036172	AGR77754.1
28197	BAK71312.1
28197	BAK71072.1
28197	QDM01515.1
28197	QDM01716.1
944546	BAK71312.1
944546	BAK71072.1
944546	QDM01515.1
944546	QDM01716.1
28197	SNV30086.1
28197	SNV31611.1
367737	ABV68004.1
367737	ABV67706.1
255507	QKJ26981.1
255507	QKJ27706.1
255507	QEZ88937.1
255507	QEZ89696.1
28198	QNK84141.1
28198	QNK84224.1
28198	QNM89268.1
28198	QNM89342.1
28198	QNM87302.1
28198	QNM87225.1
28198	QNM93115.1
28198	QNM93188.1
1032070	AYJ79979.1
1032070	AYJ80053.1
1032071	AYJ78016.1
1032071	AYJ78100.1
1032070	QCZ24207.1
1032070	QCZ24278.1
1564138	QKF73926.1
1564138	QKF73080.1
28200	AZL53912.1
1355374	QKF59552.1
1355374	QKF59006.1
1032239	AXX84811.1
1032240	QBF16371.1
1032240	QBF15880.1
1032241	AXK48788.1
1032241	AXK49034.1
889453	ASB49149.1
553982	BCU08130.1
572477	ADC61238.1
2829083	BCW90145.1
1745854	QIB35702.1
1745854	QIB35700.1
2528021	QDU29971.1
1850374	QFR32464.1
1850374	QFR32466.1
2820278	QTL03607.1
2820278	QTL03606.1
406548	QEH32034.1
1315211	QKE26657.1
1315211	QKE26417.1
1054034	QKF90505.1
1054034	QKF90153.1
873191	QKF78331.1
873191	QKF78003.1
913109	AXX95493.1
913109	AXX95790.1
2593672	QOG13326.1
2593672	QOG11682.1
572480	ADG93683.1
944547	BAK73818.1
944547	BAK74128.1
663365	AXX89525.1
663365	AXX90478.1
1054033	QKF67923.1
1054033	QKF66748.1
76114	CAI09620.1
76114	CAI09619.1
76115	QTQ33685.1
76115	QTQ33686.1
76116	QTQ35008.1
76116	QTQ35009.1
41977	AWI81060.1
41977	AWI81059.1
41977	AWI74683.1
41977	AWI74682.1
418699	ANQ84452.1
418699	ANQ84450.1
62928	CAL93899.1
62928	CAL93901.1
2027405	QDF96449.1
2027405	QDF96451.1
198107	AKU12527.1
198107	AKU12528.1
356837	AYH44554.1
356837	AYH43378.1
356837	AYH44555.1
748247	BAL24545.1
748247	BAL24547.1
748247	BAL26462.1
438753	BAF87712.1
438753	BAF87710.1
2785627	QWT50419.1
2785627	QWT50420.1
1064539	AWJ88347.1
1064539	CCC96748.1
1064539	AWJ89676.1
1064539	CCC98482.1
1064539	AWJ89425.1
1064539	CCC98700.1
2823110	QWT47670.1
2823110	QWT47669.1
192	UKJ72296.1
192	UKJ73757.1
192	UKJ72550.1
192	AIB11238.1
192	AIB11526.1
192	AIB12965.1
192	QEL95379.1
192	QEL96698.1
192	QEL96843.1
192	QCN94666.1
192	QCN94384.1
192	QCN95662.1
192	QCO01580.1
192	QCO02777.1
192	QCO01845.1
192	QCO15033.1
192	QCO14320.1
192	QCO14078.1
192	QCO08270.1
192	QCO08032.1
192	QCO08888.1
192	ALJ35685.1
192	ALJ36298.1
192	ALJ35445.1
192	QEL89130.1
192	QEL90397.1
192	QEL90568.1
192	ALJ35685.1
192	ALJ36298.1
192	ALJ35445.1
192	QEL89130.1
192	QEL90397.1
192	QEL90568.1
1226968	ANC91538.1
1226968	ANC91419.1
1226968	AWB08387.1
137722	BAI71854.1
137722	BAI75907.1
137722	BAI72222.1
862719	CBS86572.1
862719	CBS86776.1
862719	CBS91001.1
286727	QKS52046.1
286727	QKS51966.1
286727	QKS49732.1
682998	AWU97225.1
682998	AWU93676.1
682998	AWU93798.1
664962	AWJ83919.1
664962	AWJ84851.1
664962	AWJ85092.1
528244	ALG71251.1
528244	ALG71641.1
528244	ALG74002.1
353	QQE87793.1
353	QQE87602.1
1283330	AGK14498.1
1283330	AGK14620.1
353	ASL27501.1
353	ASL27271.1
1328314	AJE20594.1
1328314	AJE20812.1
1283331	AGK21665.1
1283331	AGK21392.1
322710	ACO80054.1
322710	ACO79655.1
2846778	QWT19944.1
2846778	QWT20603.1
1978229	QBR71206.1
2233851	BBF92268.1
2233851	BBF92266.1
1079	CUU42147.1
1079	CUU42145.1
1079	ALK09484.1
1079	ALK09482.1
1079	BAS00634.1
1079	BAS00632.1
1404768	AWM01354.1
1404768	AWM01356.1
1404768	AWM04601.1
858423	UFW45494.1
858423	UFW45496.1
858423	UFW45937.1
858423	QOZ69420.1
858423	QOZ73620.1
858423	QOZ69422.1
244734	QFI76673.1
244734	QFI76671.1
255045	SDS19218.1
255045	SDS19158.1
255045	UFW38683.1
255045	UFW38685.1
1404864	QDP26327.1
1404864	QDP27116.1
1404864	QDP26329.1
255045	UFW71010.1
255045	UFW69164.1
255045	UFW69162.1
993502	UFS86924.1
993502	UFS86922.1
1355477	QLD43588.1
1355477	QLD43590.1
1355477	QBP23386.1
1355477	QBP23388.1
1355477	QIO91683.1
1355477	QIO91685.1
1355477	QQO31021.1
1355477	QQO37720.1
1355477	QQO24648.1
1355477	QQO21921.1
1355477	QQO11665.1
1355477	QQO18153.1
1355477	UFW54579.1
1355477	UFW54581.1
1355477	QQN67327.1
1355477	QQN61546.1
1355477	BBZ95316.1
1355477	BBZ95318.1
1355477	BCA04423.1
1355477	BCA04421.1
1355477	BCA13001.1
1355477	BCA12999.1
1355477	BCA21781.1
1355477	BCA21779.1
1355477	BAR62172.1
1355477	BAR62169.1
1355477	APO53251.1
1355477	APO53253.1
224911	AAC62210.1
224911	BAC49879.1
224911	NP_771254.1
224911	AAB17021.1
224911	BAC49877.1
224911	NP_771252.1
224911	AND89885.1
224911	AND89883.1
224911	AAC62210.1
224911	BAC49879.1
224911	NP_771254.1
224911	AAB17021.1
224911	BAC49877.1
224911	NP_771252.1
224911	AND89885.1
224911	AND89883.1
1355477	BCE22490.1
1355477	BCE22488.1
1355477	BCE92267.1
1355477	BCE92269.1
1355477	BCF00859.1
1355477	BCF00857.1
1355477	BCF10329.1
1355477	BCF10327.1
1355477	BCF18161.1
1355477	BCF18159.1
1355477	BCF27197.1
1355477	BCF27195.1
1355477	BCF35785.1
1355477	BCF35787.1
1355477	BCF44420.1
1355477	BCF44418.1
1355477	BCF53341.1
1355477	BCF53343.1
1355477	BCF61904.1
1355477	BCF61902.1
1355477	BCF70564.1
1355477	BCF70562.1
1355477	BCE31089.1
1355477	BCE31091.1
1355477	BCE48752.1
1355477	BCE48754.1
1355477	BCE39946.1
1355477	BCE39944.1
1355477	BCE57407.1
1355477	BCE57405.1
1355477	BCE66082.1
1355477	BCE66080.1
1355477	AWO91543.1
1355477	AWO91544.1
1355477	AWO91543.2
1355477	AWO91543.1
1355477	AWO91544.1
1355477	AWO91543.2
1355477	BCE74647.1
1355477	BCE74645.1
1355477	BCE84237.1
1355477	BCE84235.1
1275962	BBC00309.1
1275962	BBC00311.1
1275962	BBB96363.1
1437360	SHH26998.1
1437360	SHH27041.1
1437360	SHH31184.1
1437360	SHH79576.1
1437360	SHH31307.1
83627	QPF95004.1
83627	QPF95006.1
83637	QPF81857.1
83637	QPF81859.1
83637	QPF88283.1
1325090	QOZ63862.1
1325090	QOZ60727.1
1325090	QAU42811.1
1325090	QAU39663.1
1325095	QAU46982.1
1325095	QAU46984.1
1274631	ANW02080.1
1274631	ANW02078.1
1274631	ANW01370.1
375	UFW83107.1
375	UFW83109.1
375	UFW91480.1
375	AJA66817.1
375	AJA63176.1
375	APG11877.1
375	APG11875.1
1037409	BAL10334.1
1037409	BAL10336.1
722472	SHM03638.1
722472	SHM03726.1
476282	AHY50413.1
476282	AHY50411.1
722472	SHM45532.1
722472	SHM45593.1
722472	SHM66980.1
931866	SDK23144.1
931866	SDJ92006.1
931866	SDK23053.1
1245469	BAM89794.1
1245469	BAM89796.1
931866	AWL96042.1
931866	AWL96044.1
2748629	UGA46957.1
2748629	UGA46959.1
2748629	UGA48720.1
2748629	UGY03007.1
2748629	UGY07072.1
2748629	UGY03006.1
1404411	UGY26516.1
1404411	UGY22924.1
1404411	UGY22922.1
1404411	UGY14368.1
1404411	UGY14370.1
1404411	UGY17780.1
1404888	QIO37499.1
1404888	QIO33919.1
1404888	QIO33917.1
2823807	UEM17793.1
2823807	UEM08559.1
2823807	UEM08557.1
376	CUT15806.1
376	CUU14943.1
376	CUU18429.1
376	CUT15808.1
376	CUU18427.1
1404402	QII58070.1
1404402	QII58068.1
1404402	QII67776.1
1179474	QDF38125.1
1179474	QDF38123.1
1404649	UGX98424.1
1404649	UGX98422.1
1404649	UGX99563.1
1404443	UFX48837.1
1404443	UFX48839.1
1404443	UFX46220.1
288000	ABQ36234.1
288000	ABQ36232.1
2898149	UFZ05629.1
2898149	UFZ08242.1
1197460	QIG99601.1
1197460	QIG91989.1
1197460	QIG91991.1
858422	QHO76895.1
858422	QHO79251.1
858422	QHO75860.1
1325083	QOZ20668.1
1325083	QOZ17464.1
1325083	QOZ17462.1
1325100	QOZ30228.1
1325100	QOZ26055.1
1325100	QOZ26057.1
1325102	QOZ09569.1
1325102	QOZ13419.1
1325102	QOZ09567.1
1325111	QOZ53208.1
1325111	QOZ53206.1
1325112	QOZ45454.1
1325112	QOZ45456.1
1325114	QOZ77017.1
1325114	QOZ77015.1
1325120	QOZ38433.1
1325120	QOZ34415.1
1325120	QOZ34414.1
1223566	AMA58281.1
1223566	AMA61352.1
1223566	AMA55435.1
2578113	QDW38764.1
2578113	QDW38766.1
2578113	QDW42046.1
2578114	QDW48651.1
2578114	QDW45367.1
2578114	QDW45369.1
2493093	QHP70359.1
2493093	QHP70357.1
114615	CAL77525.1
114615	CAL77527.1
115808	SMX58588.1
115808	SMX58586.1
167468	SPP95398.1
167468	SPP95400.1
167468	SPP96938.1
2840472	QWG16181.1
2840472	QWG16183.1
2840473	QWG21187.1
2840473	QWG21185.1
2840469	QWG10971.1
2840469	QWG10973.1
335659	BAL74125.1
335659	BAL76701.1
335659	BAL76699.1
2597515	QOG23980.1
2597515	QOG17927.1
2597515	QOG17926.1
2599805	BBO06394.1
2599805	BBO06396.1
2057741	AUC97002.1
2057741	AUC93157.1
2599819	BBO12463.1
2599819	BBO12465.1
1390116	QCJ79452.1
1390116	QCJ76695.1
1390119	QCJ84081.1
1390119	QCJ86812.1
1420727	QCK01545.1
1420727	QCJ98841.1
1390131	QCK06207.1
1390131	QCK08913.1
1404367	QIP09743.1
1404367	QIP09741.1
1404367	QIP00632.1
1404367	QIP00633.1
1404367	AWM07615.1
1404367	AWM07613.1
108015	QCJ91451.1
108015	QCJ94181.1
2811788	QRR11827.1
1400387	QEG36425.1
2699430	QIK36855.1
1457365	AXJ00731.1
1457365	AXJ00729.1
1457365	AXJ00732.1
1581680	CEN55955.1
1581680	CEN55956.1
946483	AGX87702.1
250	VFB04068.1
250	VFB04066.1
250	VFB04065.1
2778077	QQV02674.1
2778077	QQV02671.1
2778077	QQV02673.1
167879	AAZ25174.1
167879	AAZ25605.1
1816218	AOW78972.1
1816218	AOW76033.1
343403	QLG46216.1
343403	QLG46217.1
343403	QLG47284.1
2761580	QNR22589.1
1898111	QTN39988.1
111831	QNT68483.1
111831	QNT68625.1
1909699	QQG65422.1
1986146	AVD72335.1
577650	ADW18753.1
1167006	AGF77336.1
980445	QCQ23466.1
83564	BBO80705.1
83564	BBO80671.1
83564	BBO87882.1
83564	BBO87917.1
947919	BBO78445.1
1603606	ALC17373.1
1566351	BCA79072.1
2802975	BCR06045.1
1750598	UKL13078.1
1300342	ANB16761.1
1217721	AIF46709.1
1217721	AIF47114.1
1849581	QRN53249.1
1849581	QRN54482.1
1379159	AHX14851.1
1379159	AHX14485.1
2501295	QAU25241.1
2501295	QAU24731.1
2763498	QNJ99864.1
2763498	QNK03836.1
445710	AND71278.1
445710	AND69998.1
2213226	AZS49283.1
2785331	QQP85248.1
2841528	QWT53582.1
2594003	QDO99752.1
2594003	QDO98058.1
2710922	QMS84820.1
2710922	QMS86004.1
2710922	QMS85746.1
2005456	BAZ71099.1
2654676	UII78687.1
2654676	UII78691.1
2905121	UII76797.1
2905121	UII76793.1
1803846	AUP79426.1
1803846	AUP79424.1
1150389	APD05953.1
1150389	APD05952.1
1150389	APD05955.1
2547394	QBN20578.1
2547394	QBN18064.1
2547394	QBN18062.1
2518177	QBZ98921.1
2518177	QBZ98923.1
2895947	UGS20114.1
2895947	UGS20117.1
1347342	CDF79580.1
1347342	CDF79584.1
1798225	SDS24026.1
1798225	SDS23891.1
1336794	AOR29491.1
1336794	AOR29489.1
1336794	AOR29492.1
1336795	AOR26666.1
1336795	AOR26667.1
1336795	AOR26662.1
1542730	UGB38310.1
1542730	UGB38721.1
2898793	UGB46258.1
2898793	UGB45841.1
2810512	QSE96429.1
2810512	QSE96426.1
2810512	QSE96427.1
2070539	AWM81025.1
1085623	AEP31323.1
1085623	AEP31324.1
1085623	AEP31325.1
1192854	ASJ76543.1
1549855	AMW35119.1
1549855	AMW34203.1
1462615	QKF81305.1
1462615	QKF81712.1
760192	AEE54582.1
373903	ACL69182.1
2774877	UKM65550.1
2774877	UKM65547.1
297	BBD77399.1
297	BBD77397.1
28885	BBN60551.1
265883	QAB15362.1
2602016	QEX23479.1
2602016	QEX23478.1
2602015	QEX18193.1
2602015	QEX18194.1
2749086	QNL19678.1
2749086	QNL20354.1
575540	ADV63996.1
1218801	QHI35318.1
1218801	QHI35322.1
1218801	QHI35319.1
1218801	QHI35320.1
1218801	QHI38848.1
2282170	AXG71402.1
2282170	AXG71403.1
2282170	AXG71406.1
1717717	BAX82592.1
1717717	BAX82594.1
1717717	BAX82593.1
2057808	AUC81765.1
2057808	AUC81767.1
2057808	AUC81766.1
47671	VEH01475.1
47671	VEH01477.1
45065	QBS12509.1
45065	QDQ39778.1
454	QBS10033.1
454	QBR85073.1
454	QDP71155.1
450	QIN33737.1
450	QIN37087.1
450	QEY52924.1
450	ARM33873.1
450	ARB93065.1
29423	VEE04089.1
28087	VEH37286.1
28087	VEB38947.1
28087	AUH71075.1
2755562	QMT61853.1
452	SNV42768.1
452	VEG90599.1
2732163	QJR28762.1
2589080	QDE41112.1
2589080	QDE40520.1
242606	APG02775.1
242606	APG04084.1
431944	AVM73646.1
431944	AVM74666.1
1430440	CDK98332.1
1430440	CDK99398.1
55518	AVM78569.1
55518	AVM77549.1
342108	BAE51371.1
342108	BAE51857.1
1639348	ARJ68249.1
1639348	ARJ65313.1
1663591	CUW40437.1
1663591	CUW39253.1
2528026	QDU36851.1
765910	AHF04315.1
980251	QEG20680.1
2735436	BCR35716.1
2735436	BCR35717.1
265072	ABE49641.1
265072	ABE49640.1
173366	QGM94902.1
173366	AZG77171.1
187303	CCJ08789.1
1538553	AMK76579.1
1538553	AMK76274.1
1538553	AMK76118.1
702114	BBL56494.1
702114	BBL56705.1
702114	BBL58020.1
702114	BBL60311.1
702114	ATG88425.1
702114	ATG91004.1
702114	ATG92078.1
702114	ATG88642.1
857087	AEF98595.1
857087	AEF99809.1
857087	AEF99156.1
1173101	QWF70725.1
1173101	QWF71455.1
1173101	QWF71183.1
1727196	ANE57524.1
1727196	ANE54001.1
1727196	ANE56120.1
1727196	ANE57102.1
2812647	QSB00655.1
2812647	QSB00858.1
2812647	QSB01665.1
2785785	QPK62691.1
2785785	QPK62049.1
2785785	QPK61874.1
107637	QBC29076.1
107637	QBC29281.1
107637	QBC25745.1
2588534	QDC54094.1
2588534	QDC53195.1
2588534	QDC50389.1
2588534	QDC49490.1
2588534	QDC44483.1
2588534	QDC45382.1
1662285	AKR43684.1
1662285	AKR44676.1
2778876	BCM25174.1
2778876	BCM25173.1
583345	ACT48145.1
583345	ACT48146.1
1091494	CCE21889.1
1842540	AOF80471.1
1842540	AOF82439.1
95641	QCW80992.1
582744	ACT50523.1
582744	ACT50524.1
887061	ADQ84514.1
887061	ADQ84515.1
1704499	ASF48613.1
1704499	ASF46263.1
1704499	ASF44887.1
1704499	ASF47248.1
1383885	AWX43534.1
1383885	AWX43537.1
2507538	QBA64728.1
2507538	QBA64726.1
1334629	AKF86676.1
323097	ABE62595.1
323097	ABE62593.1
323098	ABA05048.1
323098	ABA05050.1
2811415	QSI76570.1
1612173	AUN31608.1
592029	AGC77491.1
592029	AGC77492.1
592029	AGC77489.1
319236	ARN71338.1
319236	ARN71340.1
1454201	BAO54149.1
1454201	BAO54150.1
1454201	BAO54152.1
2608253	QJP34591.1
2608253	QJP35959.1
2608253	QJP34590.1
1336802	SCY20742.1
1336802	SCY20797.1
1336802	SCY20762.1
2058134	AUC79345.1
2058134	AUC79344.1
2058134	AUC80530.1
1476901	ALM21927.1
1476901	ALM21925.1
331648	ARN76601.1
331648	ARN76603.1
61635	CCV66280.1
1129794	AGH45492.1
1129794	AGH43856.1
1129794	AGH45491.1
1150469	CCG08496.1
402881	ABS62130.1
402881	ABS62183.1
29443	SQF97353.1
913107	BBB47302.1
1238	AOS35111.1
1238	APS79822.1
1238	APS66814.1
1238	APS45002.1
1238	APS70559.1
1238	QGP59992.1
1238	AMA42641.1
1227812	AKP74249.1
1238	QGP64639.1
1238	QGP63692.1
1238	QGP49871.1
1238	ALA24661.1
1238	APS48362.1
1238	APS73788.1
1238	APS49622.1
1238	APS76057.1
1238	ALB23154.1
1238	APS52803.1
1238	APS59819.1
1238	APS56369.1
1238	APS63050.1
1238	QHS26218.1
1238	QIX55858.1
1238	QHS32442.1
1238	QHS29431.1
1238	QNR82000.1
1238	QGN77682.1
1238	QGN81269.1
1238	QGN87967.1
1238	QGN84458.1
1238	QGN91902.1
1238	QGN95426.1
1238	QGN98243.1
1238	QGO01863.1
1238	QGO05625.1
1238	QGO09332.1
1238	QGO12551.1
1238	QGO16707.1
1238	QGO19591.1
1238	QGO23772.1
1238	QGO27047.1
1238	QGO30969.1
1238	QGO33946.1
1238	QGO37556.1
1238	QGO41184.1
1238	QGO44741.1
1238	QGO48948.1
1238	QGO55659.1
1238	QGO52525.1
1238	QGO67015.1
1238	QGO62469.1
1238	QGO58880.1
1238	QGO69757.1
1238	QGO73238.1
1238	QGO76725.1
1238	QGP42632.1
1238	QGP46855.1
1238	QGO80903.1
1238	QGO83643.1
1238	QGO87159.1
1238	QGO90636.1
1238	QGO94138.1
1238	QGP68277.1
1238	QGP08088.1
1238	QGO97628.1
1238	QGP04587.1
1238	QGP01119.1
1238	QGP11606.1
1238	QGP18595.1
1238	QGP15106.1
1238	QGP22775.1
1238	QGP29543.1
1238	QGP26160.1
1238	QGP36410.1
1238	QGP32922.1
1238	QGP39115.1
1238	ALY03083.1
1238	QGP54115.1
1238	QGP55072.1
1632864	AMV17348.1
2528018	QDV08090.1
2528018	QDV09781.1
1888915	QOD60887.1
1908341	UAM99181.1
1908341	UAM99184.1
996801	APZ46227.1
996801	APZ46230.1
996801	AUC20089.1
996801	AUC20092.1
985043	AUC23627.1
2745562	QXP67612.1
1529069	AQS92819.1
2745561	QXP65311.1
2808900	QTD38481.1
2808900	QTD38478.1
1336804	SDU10831.1
1336804	SDU10781.1
2738844	QNM87074.1
1855336	SDR87421.1
1855336	SDR87499.1
313598	EAQ41138.1
2745563	QXP69770.1
754397	ARV06623.1
754397	ARV06622.1
754397	ARV08019.1
1312072	ARV14423.1
1312072	ARV14426.1
1312072	ARV14424.1
2818493	QTE22471.1
1774273	AOW16025.1
1774273	AOW16022.1
1774273	AOW16024.1
412384	QPN44404.1
412384	QPN46741.1
1849015	QKE29421.1
1849015	QKE29095.1
331696	AXK80036.1
331696	AXK83873.1
2511995	QBB72725.1
287	ASA30931.1
287	ALU51352.1
287	ASD09967.1
287	ASD05355.1
287	QBC10841.1
287	QDR12383.1
287	QJA39367.1
287	QDR18534.1
287	AXS72898.1
287	ASA17095.1
287	QDR03684.1
287	AYL33558.1
287	BAR69085.1
287	QDR09936.1
287	AXN25667.1
287	ASC98889.1
287	QJH84846.1
1000561	ALT70326.1
287	QBM98286.1
287	QBN06609.1
287	QGH92767.1
287	QBY93084.1
287	AWF02073.1
287	AWE85465.1
287	AWE75981.1
287	AWE70996.1
287	AVN46577.1
287	AWS91383.1
287	AXZ90101.1
287	AVK23704.1
287	AVK18184.1
287	AVK12759.1
287	AVK00718.1
287	AVJ91043.1
287	AWF59152.1
287	AWQ82910.1
287	AWZ83955.1
287	AWF67442.1
287	AXA06554.1
287	AWZ92233.1
287	AMX86487.1
287	ANT77707.1
287	AOP59278.1
287	AMX86487.1
287	ANT77707.1
1280938	AGI82802.1
287	AZN57649.1
287	AZN45524.1
287	AZM99437.1
287	AYQ80377.1
287	QCQ88896.1
287	ANA74499.1
287	AYW42180.1
1352355	AGV65262.1
287	QDX99709.1
287	ARU34409.1
287	AKE71144.1
287	QEK44083.1
287	AWR43492.1
287	QLA49921.1
287	QGG00160.1
287	QIZ25321.1
287	ALS10220.1
1411700	AMA38657.1
1356855	CRZ31416.1
287	AON73518.1
1093787	AFM66237.1
1123015	AKO87943.1
287	QKR76106.1
287	QKR81834.1
287	QKR63527.1
287	QKR66841.1
287	QKR57327.1
287	QKR45745.1
287	QKR38116.1
287	QKR32587.1
287	QKR22927.1
287	QKR17104.1
287	QKR27415.1
287	QKR17104.1
287	QKR09399.1
287	QKR05006.1
287	QKR51513.1
287	ARG88492.1
287	QES83908.1
287	ALY38028.1
287	AJD59333.1
287	QBF63205.1
287	ALY41244.1
287	AVE34608.1
287	ALY46613.1
287	AKQ14701.1
287	AOT36087.1
287	QQA89477.1
287	AYZ43751.1
287	AYZ80291.1
287	AYY38267.1
287	AYZ83725.1
287	AYZ56013.1
287	QDD35051.1
287	QDD51144.1
287	AJF54339.1
287	QEN57576.1
287	QEN57576.1
287	QEO36061.1
287	AZP67479.1
287	AZP61437.1
287	QJE83595.1
287	QJE89979.1
287	QJE77153.1
287	AYW61394.1
287	AYW67761.1
287	AYW74140.1
287	ALY62415.1
287	ALY54293.1
287	ALY68670.1
287	QEK87198.1
287	AZM81122.1
287	AXC22845.1
287	QEF91514.1
287	QEF85499.1
287	BAT66899.1
287	QHI66907.1
287	QEF79496.1
287	APB66556.1
287	SCM63880.1
287	QKE79634.1
287	SIP54153.1
287	SIP54153.1
287	AWT30497.1
287	QGM42053.1
287	ASM86858.1
1408272	AHC66804.1
1408271	AHK96911.1
1408273	AHL02877.1
557722	CAW28913.1
1408274	AHL08798.1
1408275	AHL14752.1
1408276	AHK85032.1
287	QKK86912.1
1408277	AHK90932.1
287	ALY71339.1
287	AZZ12976.1
287	ALY80301.1
287	ARN45207.1
941193	AEO76351.1
287	ARN40157.1
287	ARN36565.1
287	AVR84480.1
287	QIF37849.1
1415629	AHB57227.1
287	AMU02264.1
287	ALV77101.1
287	BAP20552.1
287	BAP52133.1
287	BAQ41230.1
1089456	BAK88895.1
287	CKH90943.1
287	VEF99674.1
287	VEE75100.1
287	VEE88823.1
287	VTQ12131.1
287	VTQ03841.1
287	VEF64451.1
287	SQK98847.1
287	APJ51658.1
287	ASP07101.1
287	ASP14858.1
287	AYN81700.1
287	QBL34284.1
287	QBL28607.1
287	QBL18795.1
287	QBL25776.1
287	QKS39340.1
1279007	AHA20680.1
287	AOX28273.1
287	AOX41248.1
287	ANP58238.1
1279008	AHA26479.1
287	ALE49704.1
287	QCP78255.1
287	AYK24577.1
1407059	CDI89308.1
1407059	CDI89309.1
287	QFZ01128.1
287	APB58705.1
287	AOX34646.1
287	ASJ86451.1
1457392	AHW72374.1
1437873	QFZ60363.1
287	QKP86885.1
287	AXR30118.1
287	AXR12524.1
287	QCC67338.1
287	QKF06365.1
287	QKE97845.1
287	APC74167.1
287	QII95863.1
1009714	ARI00608.1
1009714	VUY46116.1
208964	AAG04552.1
208964	NP_249854.1
208964	AYA60155.1
1367494	AGY71740.1
287	QAS74460.1
1367493	AGY63589.1
287	CTQ38733.1
1147787	AID72378.1
1352354	AGV60733.1
287	ARI92852.1
287	ARI99291.1
287	ATH04446.1
287	ARC81048.1
287	AON32207.1
287	AON08239.1
287	AON14227.1
287	AON38209.1
287	AON44193.1
287	AON50204.1
287	AON20212.1
287	ARN51943.1
287	AON23462.1
287	AUA78643.1
287	AUA90824.1
287	AUA84733.1
287	AUB03274.1
287	AUA96467.1
287	AZN85707.1
287	AUA71910.1
287	AVZ35865.1
287	AZN91217.1
287	QCJ31946.1
287	CDO80209.1
287	QKG37699.1
287	ARG49840.1
1340851	AGO39019.1
287	AKG00553.1
287	ALY87859.1
287	QJW76728.1
287	QKE66799.1
287	QDR26286.1
287	QDR32504.1
287	QDR39978.1
1427342	AHC78370.1
287	APJ42659.1
287	APJ48278.1
1193501	ANI09529.1
287	AZN52868.1
287	AZN07190.1
287	AZN14212.1
287	AYR12181.1
287	QGJ34963.1
287	QGQ05025.1
287	QGP98271.1
287	ALZ00181.1
287	ALY98861.1
287	ALZ10566.1
208963	ABJ10331.1
208963	QDL65954.1
287	ALZ92541.1
287	ALP59199.1
1400868	AID83946.1
287	ALZ20612.1
287	ALY84650.1
287	ALZ24562.1
287	ALZ12349.1
287	AVZ20919.1
287	AXS90381.1
287	AXS93374.1
287	AXT06837.1
287	AXT00050.1
287	AXL72880.1
287	AXO30210.1
287	AXL78276.1
287	QKL14758.1
287	QHF90530.1
287	AXL84695.1
1448140	AHH49942.1
46677	AMB88339.1
46677	AMB84535.1
43263	BCR23922.1
43263	BCR25716.1
43263	AMR67770.1
43263	AMR66175.1
237609	AIL63268.1
237609	AIL60572.1
237609	QGW78997.1
237609	QGW76481.1
219572	SDN69215.1
219572	SDN57773.1
219572	ANF84740.1
219572	ANF85365.1
485870	QXI49120.1
485870	QXI48960.1
2219225	QNT42324.1
2219225	QNT42189.1
702115	QAY84932.1
702115	QAY88052.1
2219225	QNT42324.1
2219225	QNT42189.1
2219225	QNT42324.1
2219225	QNT42189.1
2842349	QXH68694.1
2842349	QXH69129.1
702115	SDP51348.1
702115	SDO37947.1
2219225	QOE06550.1
2219225	QOE06691.1
2565368	QXH74164.1
2565368	QXH74641.1
46257	AVB19293.1
2565368	QSL86843.1
2565368	QSL86367.1
2842350	QXH60513.1
2842350	QXH63087.1
53407	SDS01494.1
53407	SDT45407.1
47878	AQT92962.1
47878	AQT93488.1
47878	SDO86794.1
47878	SDP06217.1
47878	QDH64346.1
47878	QDH63769.1
47878	AMN79274.1
47878	AMN79775.1
74829	QIJ01705.1
74829	QIJ01627.1
74829	QQN51972.1
74829	QQN51896.1
1123016	AJE14795.1
1123016	AJE14714.1
757414	UBZ00060.1
129817	SDU82851.1
129817	SDU85663.1
2731681	QKE62621.1
2731681	QKE62398.1
757414	QQN24635.1
2320867	AYC32068.1
2320867	AYC33614.1
651740	SDS21452.1
651740	SDR99255.1
587753	SDT47958.1
587753	SDT35560.1
1583341	CZT27763.1
1583341	SOS17052.1
587753	AMS18379.1
587753	AMS14064.1
587753	AZE46884.1
587753	AZE47610.1
587753	AZD14648.1
587753	AZD14109.1
587753	SDT32127.1
587753	SDT41978.1
587753	UCR85929.1
587753	UCR86449.1
587753	VEF76511.1
587753	VEF77117.1
587753	SDT49190.1
587753	SDT57480.1
587753	AUG39399.1
587753	AUG44140.1
587753	AZD27905.1
587753	AZD28437.1
587753	AIC18296.1
587753	AIC18861.1
587753	AKA26383.1
587753	AKA25835.1
587753	QTT99577.1
587753	QTT98938.1
587753	QTT93000.1
587753	QTT93509.1
587753	QTT90166.1
587753	QTT90685.1
587753	QTT81361.1
587753	QTT80804.1
587753	QQZ43724.1
587753	QQZ43214.1
587753	QNR49523.1
587753	QNR48998.1
587753	QHC88389.1
587753	QHC87871.1
86192	AZD34482.1
86192	AZD33952.1
86192	QFS54004.1
86192	QFS53493.1
86192	AZD40817.1
86192	AZD40285.1
86192	QIT21743.1
86192	QIT21235.1
86192	AZD47147.1
86192	AZD46609.1
86192	AZD65078.1
86192	AZD65618.1
86192	AIS14705.1
86192	AIS14181.1
86192	AZD59670.1
86192	AZD59150.1
86192	AZD20494.1
86192	AZD21027.1
86192	AZD53593.1
86192	AZD53055.1
86192	AZD78298.1
86192	AZD77757.1
86192	BAV73201.1
86192	BAV73738.1
86192	AZD72093.1
86192	AZD71551.1
86192	BBN53062.1
86192	BBN53655.1
86192	QLL15095.1
86192	QLL14595.1
587851	AZE10020.1
587851	AZE09479.1
86192	QQX60049.1
86192	QQX60553.1
587851	AZE03880.1
587851	AZE03347.1
587851	AZE27987.1
587851	AZE28538.1
587851	AZE15616.1
587851	AZE16146.1
587851	AZE34232.1
587851	AZE34783.1
587851	AZD97643.1
587851	AZD97100.1
587851	AZE41117.1
587851	AZE40565.1
587851	AZE22183.1
587851	AZE21629.1
587851	AZD91189.1
587851	AZD90632.1
333	AZD00382.1
333	AZD00977.1
587851	AZD84583.1
587851	AZD84016.1
1513890	AZC35585.1
1513890	AZC36201.1
1513890	AZC42126.1
1513890	AZC42747.1
1513890	AZC88046.1
1513890	AZC87503.1
1513890	AZC74103.1
1513890	AZC74655.1
1513890	AZC94492.1
1513890	AZC93920.1
1513890	AZC29716.1
1513890	AZC29168.1
1513890	AZC55968.1
1513890	AZC55355.1
1513890	AZC61675.1
1513890	AZC62228.1
1513890	AZC68466.1
1513890	AZC67917.1
1513890	AZC49341.1
1513890	AZC48788.1
1513890	AZC80320.1
1513890	AZC80872.1
1513890	AVO57473.1
1513890	AVO62231.1
587753	AZD07143.1
587753	AZD06603.1
53408	AMO78170.1
53408	AMO77937.1
53408	ANI18574.1
53408	ANI16853.1
235275	QGT83149.1
563797	QGL58019.1
53409	QIQ70936.1
157783	AIR89763.1
157783	AIR89886.1
43306	QEY70419.1
43306	QEY72941.1
1163398	KDN97902.1
1163398	KDO01564.1
312306	AZL70250.1
312306	AZL70035.1
312306	AZL75150.1
312306	AZL75285.1
384676	CAK14323.1
384676	CAK16920.1
312306	QVM90289.1
312306	QVM92750.1
2599595	QKZ06341.1
2599595	QKZ06340.1
2599595	QKZ03489.1
359110	SDF51933.1
359110	SDF36726.1
169669	SDP86058.1
169669	SDP77806.1
2842355	QXH52858.1
2842355	QXH50402.1
294	UKJ70711.1
294	UKJ70164.1
294	SNY10752.1
294	SNY11558.1
1037911	AFJ58227.1
1037911	AFJ55434.1
463794	QQD51805.1
463794	QQD54597.1
294	QIA01833.1
294	QIA02377.1
294	QVW24950.1
294	QVW24473.1
294	ALH99851.1
294	ALI02581.1
294	QJP94091.1
294	QJP94604.1
294	AMS23869.1
294	AMS20623.1
294	QTV18170.1
294	QTV18694.1
294	QOU06574.1
294	QOU07106.1
294	AOE78060.1
294	AOE78541.1
294	AOE72884.1
294	AOE72408.1
294	AOE66587.1
294	AOE67070.1
294	AKA84964.1
294	AKA82022.1
294	QBX40096.1
294	QBX40596.1
294	AMW82370.1
294	AMW85532.1
294	AWA38110.1
294	AWA38663.1
294	QXN51828.1
294	QXN51307.1
294	SQF90048.1
294	SQF90629.1
1221522	AKV06954.1
1221522	AKV07496.1
294	VEE47183.1
294	VEF10010.1
294	VEF09194.1
294	AJP50913.1
294	AJP51460.1
294	AXJ03507.1
294	AXJ04012.1
205922	ABA72832.1
205922	ABA73348.1
294	AYG06607.1
294	AYG07141.1
1334632	AJZ96779.1
1334632	AJZ92439.1
294	VVM16322.1
294	VVM12221.1
294	AOS72740.1
294	AOS73189.1
294	UEL24865.1
216595	CAY47517.1
216595	CAY48058.1
294	AYF47754.1
294	AYF47754.1
294	AYF47232.1
294	AYF47232.1
294	AIG05104.1
294	AIG05512.1
294	QTD35036.1
294	QTD34537.1
296	QPL33798.1
296	QPL32724.1
296	ASC88591.1
296	ASC86357.1
296	QPC36817.1
296	QPC34395.1
296	SDU67817.1
296	SDU33355.1
296	ARQ74079.1
296	ARQ75928.1
296	AMB80823.1
296	AMB78961.1
104087	APV43196.1
104087	APV41025.1
104087	APC15274.1
104087	APC15720.1
104087	ATE80504.1
104087	ATE76487.1
743720	AEF21892.1
743720	AEF23433.1
47880	QPH43039.1
47880	QPH46304.1
47880	AVF56616.1
47880	AVF57837.1
47880	QPH48102.1
47880	QPH51380.1
1149133	BAU72948.1
1149133	BAU76233.1
50340	SEI11866.1
50340	SEI13763.1
1785145	AMQ82372.1
1785145	AMQ81910.1
158627	QKF51768.1
158627	QKF51585.1
1245526	SDU40432.1
1245526	SDU43282.1
1421430	SDS65780.1
1421430	SDS44475.1
2745504	QXI19695.1
2745504	QXI19218.1
2745503	QXI23884.1
2745503	QXI24347.1
1301098	CDF82572.1
1301098	CDF85445.1
198620	SDC85667.1
198620	SDD05349.1
198620	ANH97335.1
198620	ANH96852.1
198620	AMT87524.1
198620	AMT88033.1
198620	AVX87821.1
198620	AVX88320.1
1628086	AXI60569.1
1628086	AXI60012.1
1628086	UIN52805.1
1628086	UIN52298.1
2604832	UCO99415.1
2604832	UCO97157.1
2604832	QEY61648.1
2604832	QEY64606.1
75588	SDK98001.1
75588	SDK88708.1
163011	SDT66674.1
163011	SDT59906.1
86185	QOF90420.1
86185	QOF92102.1
86185	QVQ78819.1
86185	QVQ77315.1
86185	QVQ83623.1
86185	QVQ82118.1
244566	AVJ36951.1
244566	AVJ37440.1
1147786	AHZ69389.1
1147786	AHZ72300.1
75612	QZA96569.1
75612	QZA99244.1
75612	SDU52851.1
75612	SDU09284.1
437900	CAE6934629.1
437900	VEV95414.1
437900	CAE6909133.1
437900	VEV98392.1
2842354	QXH55464.1
2842354	QXH57749.1
2745509	QXI01649.1
2745509	QXI02134.1
76759	QIG25483.1
76759	QIG25342.1
76759	QIG20090.1
76759	QIG20232.1
76759	AYN14730.1
76759	AYN14877.1
76759	AVH37431.1
76759	AVH37291.1
1435044	AHC81332.1
1435044	AHC81182.1
1435058	AHC86761.1
1435058	AHC86611.1
76759	BBV98705.1
76759	BBV98559.1
76759	QHB26671.1
76759	QHB26433.1
76759	AMA45009.1
76759	AMA45181.1
78327	ATB66541.1
78327	ATB64191.1
321662	SDU52098.1
321662	SDU01050.1
1388763	AIN59720.1
1388763	AIN59977.1
78327	QZP25625.1
78327	QZP28096.1
46679	SDU86804.1
46679	SDV03124.1
46679	SQH32216.1
46679	SQH34849.1
95301	QJP08336.1
95301	QJP10938.1
2842357	QXH34760.1
2842357	QXH37069.1
46680	QIE89156.1
46680	QIE86449.1
76758	AZE82662.1
76758	AZE83138.1
76758	AUZ45163.1
76758	AUZ49019.1
76758	AZE93851.1
76758	AZE93390.1
76758	AZE99249.1
76758	AZE98742.1
1392877	SDS73937.1
1392877	SDS56350.1
76758	AZE88442.1
76758	AZE87975.1
76758	SDU39646.1
76758	SDU34810.1
319939	QZX81682.1
319939	QZX81986.1
319939	BCA30398.1
319939	BCA30052.1
319939	BBT18387.1
319939	BBT17988.1
191390	AVE07968.1
191390	AVE07524.1
157782	AIZ33639.1
157782	AIZ33825.1
157782	AXO89315.1
157782	AXO89502.1
157782	AQW69497.1
157782	AQW69632.1
70775	AJG15170.1
70775	AJG15333.1
70775	QLB54403.1
70775	QLB56761.1
70775	AXM98261.1
70775	AXM99013.1
200451	SDN93569.1
200451	SDN78483.1
200451	AZP73375.1
200451	QOQ72775.1
200451	QOQ73294.1
1282356	AGE24697.1
1282356	AGE25128.1
364197	SDU01384.1
364197	SDU22892.1
485898	QXI32824.1
485898	QXI35944.1
1148509	SDS44313.1
1148509	SDS19660.1
1420599	BAO60551.1
1420599	BAO61110.1
1124983	AGL82978.1
1124983	VAV67475.1
1124983	AGL83535.1
1124983	VAV68033.1
380021	QYN02712.1
380021	QYN03257.1
380021	QEN46271.1
380021	QEN46853.1
380021	AXK57621.1
380021	AXK55883.1
380021	ASE25026.1
380021	ASE19324.1
380021	BCT31642.1
380021	BCT32184.1
380021	QNL08471.1
380021	QNL07956.1
380021	QNH78760.1
380021	QNH79274.1
380021	AQT08517.1
380021	AQT07914.1
380021	QRU97183.1
380021	QRU96662.1
220664	AAY90453.1
220664	AAY91004.1
380021	QEZ51116.1
380021	QEZ51627.1
380021	QEZ56791.1
380021	QEZ61140.1
380021	QEZ62389.1
380021	QEZ62888.1
380021	QTU34521.1
380021	QTU29162.1
380021	QTU11538.1
380021	QTU12083.1
380021	QTU24992.1
380021	QTU25527.1
380021	QTU21525.1
380021	QTU21005.1
380021	QTU40539.1
380021	QTU41084.1
380021	QZI69041.1
380021	QZI69606.1
380021	QTU05772.1
380021	QTU05228.1
380021	QIC27235.1
380021	QIC27759.1
122355	SDU52730.1
122355	SDU73714.1
122355	QIE32763.1
122355	QIE34722.1
303	QCI11252.1
303	QCI14297.1
303	QKL08982.1
303	QKL09130.1
303	AMK32540.1
303	AMK29965.1
303	QXZ04225.1
303	QXZ04430.1
303	QDY35043.1
303	QDY34900.1
303	AYN12408.1
303	AYN12197.1
1081940	ANC83007.1
1081940	ANC83152.1
931281	ADR61617.1
931281	ADR61463.1
303	QQE85340.1
303	QQE83037.1
303	QLJ15565.1
303	QLJ15415.1
303	AHZ76190.1
303	AHZ75647.1
303	AHZ75980.1
1196325	AFO48101.1
1196325	AFO50613.1
303	ATP43760.1
303	ATP43611.1
303	ATP48876.1
303	ATP52880.1
351746	ABQ80103.1
351746	ABQ80322.1
76869	ABY97043.1
76869	ABY97239.1
1331671	AGN78074.1
1331671	AGN78204.1
303	QNL86603.1
303	QNL89332.1
1215088	AGA72107.1
1215088	AGA72256.1
303	ANY89039.1
303	ANY85914.1
1150601	AOX10557.1
1150601	AOX10750.1
303	AWY43078.1
303	QJQ09155.1
303	QJQ09010.1
303	BAW22018.1
303	BAW21826.1
160488	AAN67360.1
160488	NP_743896.1
160488	AAN67147.1
160488	NP_743683.1
160488	AYA60156.1
303	QEQ87029.1
303	QEQ86882.1
303	QNG08235.1
303	SIS18433.1
303	SIS19711.1
1211579	BAN56040.1
1211579	BAN55889.1
303	VEE42863.1
303	VEE43079.1
231023	AFK68012.1
231023	AFK68182.1
303	AXA27658.1
303	AXA26439.1
303	ANC04701.1
303	ANC05590.1
303	APE97604.1
303	APE97739.1
303	QRI84775.1
303	QRI84631.1
1215087	AJA14667.1
1215087	AJA14821.1
1384061	AJQ48610.1
1384061	AJQ48748.1
1042876	AEJ11751.1
1042876	AEJ11957.1
303	AUA34061.1
303	AUA34192.1
1193499	ANI05069.1
303	QOH68702.1
303	QOH70795.1
303	BBU43854.1
303	BBU43701.1
303	QHG66637.1
303	QHG63784.1
390235	ACA71795.1
390235	ACA74573.1
303	BBR52857.1
303	BBR55451.1
303	BBT41491.1
303	BBT38794.1
303	QUG91113.1
303	QUG91273.1
303	QOC99378.1
303	QOC99238.1
2056231	QVL20120.1
2056231	QVL17658.1
395598	SDP44630.1
395598	SDO63134.1
1245471	BAN47026.1
1245471	BAN50276.1
76760	QVN08449.1
76760	QVN08916.1
76760	SDV12654.1
76760	SDV09837.1
76760	QVN03365.1
76760	QVN02900.1
76760	QKJ72347.1
76760	QKJ72869.1
2745514	QXH77134.1
2745514	QXH77640.1
658629	AZC23472.1
658629	AZC22865.1
658629	QXH41903.1
658629	QXH42470.1
2745512	QXH90952.1
2745512	QXH90549.1
1853130	ANJ57556.1
1853130	ANJ54512.1
658629	AZC23472.1
658629	AZC22865.1
658629	QXH41903.1
658629	QXH42470.1
321846	QRR31052.1
321846	QRR31115.1
321846	QRR31052.1
321846	QRR31115.1
321846	AIB35162.1
321846	AIB35688.1
2054914	AUF97518.1
2054914	AUF95287.1
2054915	AUG00587.1
2054915	AUG04899.1
2662034	QKK95898.1
2662034	QKK95700.1
2662033	QKL00875.1
2662033	QKL01024.1
2804761	QSB19373.1
2804761	QSB19217.1
2759706	QMW11933.1
2759706	QMW11381.1
2867408	QZD72344.1
2867408	QZD72848.1
2201356	AWM90537.1
2201356	AWM91042.1
2743971	QKV66166.1
2743971	QKV65613.1
2898483	UHG99823.1
2898483	UHG99321.1
2866626	QZA53220.1
2866626	QZA55562.1
2052956	QAY91908.1
2052956	QAY92366.1
2748080	QLF92259.1
2748080	QLF92271.1
2730847	QJI35890.1
2730847	QJI33011.1
2730845	QJI48412.1
2730845	QJI47893.1
2730849	QJI22802.1
2730849	QJI22389.1
2730850	QJI17035.1
2730850	QJI17448.1
2730851	QJI16369.1
2730851	QJI15869.1
2730846	QJI41589.1
2730846	QJI42109.1
2774873	QOF83447.1
2730848	QJI28021.1
2730848	QJI27588.1
2697023	QXE09082.1
2697023	QXE08519.1
2855434	QXZ13199.1
2855434	QXZ12629.1
676210	QDV96871.1
676210	QDV97379.1
118613	SIR74312.1
118613	SIR79923.1
2738843	QKG68949.1
2738843	QKG66187.1
2724470	QPG63181.1
2724470	QPG65601.1
1758730	QIH06444.1
1758730	QIH07007.1
1294143	AGI23377.1
1294143	AGI25346.1
2597770	QDR67284.1
2597770	QDR67129.1
2799183	BCQ59704.1
2799183	BCQ60386.1
2799183	BCQ60387.1
2799183	BCQ59705.1
1907766	AOZ11618.1
1907766	AOZ13934.1
1761895	SDS84814.1
1761895	SDS98140.1
1649877	CRI55642.1
1649877	CRI55902.1
2651048	QNV66400.1
2651048	QNV66541.1
2664899	QGF92703.1
2664899	QGF92241.1
2892442	UFH26006.1
2892442	UFH25852.1
658630	AZC17160.1
658630	AZC16600.1
1534110	ANI53399.1
1534110	ANI52865.1
2870840	QZP22506.1
2870840	QZP23050.1
2871095	QZP35519.1
2871095	QZP36019.1
1916993	APO80643.1
1916993	APO80503.1
2654238	QHG22993.1
2654238	QHG22569.1
2073078	QAX83609.1
2073078	QAX84116.1
1755504	AYF90406.1
1755504	AYF88053.1
2799184	BCQ67795.1
2799184	BCQ67227.1
2866386	QZC94329.1
2545800	QKQ58783.1
2018067	ATN13257.1
2018067	ATN08305.1
1259844	AHD13230.1
1259844	AHD13384.1
2837969	UFQ01359.1
2837969	UFQ01359.1
2837969	UFQ01883.1
2837969	UFQ01883.1
1659194	ANI61708.1
1659194	ANI62220.1
1344094	UII73237.1
1344094	UII72749.1
2049589	ATR84321.1
2049589	ATR82075.1
2884805	UEB97468.1
2884805	UEB97008.1
2886360	UDU82571.1
2886360	UDU82425.1
2879114	UCL85663.1
2879114	UCL88707.1
2793103	UDI94492.1
2793103	UDI94006.1
2605424	QHA96770.1
2605424	QHA97297.1
1338689	ANI33252.1
1338689	ANI33109.1
2578115	QDW59402.1
2578115	QDW59615.1
2487887	BBH44667.1
2487887	BBH47528.1
2609418	BBN62225.1
143813	BAV29410.1
143813	BCX66458.1
143813	BAV25924.1
143813	BCX69867.1
2126069	AZF62291.1
2126069	AZF62858.1
1736226	AYG43815.1
1736226	AYG43953.1
2479393	AYO01567.1
2479393	AYO01716.1
1206777	AUB76562.1
1206777	AUB74659.1
1981174	ARU89132.1
1981174	ARU89390.1
2866808	UCJ16643.1
2866808	UCJ15131.1
2866807	UCP09401.1
2866807	UCP09869.1
2498848	QCY10743.1
2498848	QCY13856.1
1611770	AJO77340.1
1611770	AJO76839.1
2067572	AUO26646.1
2067572	AUO21594.1
1827300	AVJ21489.1
1827300	AVJ21972.1
2901380	UHC80550.1
2901380	UHC80040.1
2590776	QDG59542.1
2590776	QDG59054.1
2025658	ASV37638.1
2025658	ASV37090.1
2745519	QXI60550.1
2745519	QXI61079.1
2777367	QOY73397.1
2777367	QOY72914.1
1500686	BAQ72864.1
1500686	BAQ73424.1
2678260	BBP75436.1
2678260	BBP75129.1
2874628	UBM24315.1
2874628	UBM27672.1
2678261	BBP84959.1
2678261	BBP84762.1
2811422	QRY78942.1
2811422	QRY81999.1
1636610	AUY35990.1
1636610	AUY36243.1
2866282	UCM31353.1
1173270	AZF41865.1
1173270	AZF41410.1
658632	AZF57129.1
658632	AZF57645.1
1173273	AZF09510.1
1173273	AZF10034.1
1173280	AZF25413.1
1173280	AZF25865.1
1173283	AZF14771.1
1173283	AZF15230.1
1173284	AZF20530.1
1173284	AZF20082.1
1573704	QHF29785.1
1573704	QHF27334.1
658642	AZF51714.1
658642	AZF52174.1
658643	AZF31229.1
658643	AZF30736.1
658641	AZF46582.1
658641	AZF47096.1
1173288	AZF36008.1
1173288	AZF36508.1
658644	AZF04570.1
658644	AZF04097.1
1573711	QHD05639.1
1573711	QHD06149.1
1573712	QHC94215.1
1573712	QHC94723.1
2834406	QWA27576.1
2834406	QWA27317.1
2749999	BCJ05525.1
2749999	BCJ08333.1
1573714	QHD00292.1
1573714	QHC99833.1
2005388	AZZ75138.1
2005388	AZZ74627.1
2866278	QYX52950.1
2866278	QYX50620.1
2054919	AUG06253.1
2054919	AUG06752.1
2866277	QYX47645.1
2866277	QYX50108.1
2559074	QBR30526.1
2559074	QBR31062.1
322535	QHF32317.1
322535	QHF32775.1
1573719	QHF43979.1
1573719	QHF43541.1
1573718	QHF37740.1
1573718	QHF38165.1
1573720	QHF49177.1
1573720	QHF49690.1
2825975	QUE92724.1
2825975	QUE93236.1
2812000	QSB40877.1
2812000	QSB41286.1
2864101	QYM70496.1
2864101	QYM70049.1
2678259	BBP69690.1
2678259	BBP69150.1
2729423	QJQ19643.1
2729423	QJQ19483.1
2813842	QVM98046.1
2813842	QVM95657.1
1500687	BAQ79656.1
1500687	BAQ79077.1
147212	QQO00069.1
147212	QQN97359.1
2083052	AVD94278.1
2083052	AVD94122.1
2083053	AVD88924.1
2083053	AVD86570.1
2083051	AVD81972.1
2083051	AVD84357.1
2587597	QDC07567.1
2587597	QDC03461.1
2169583	QBQ12675.1
2169583	QBQ09353.1
1856685	AOE83915.1
1856685	AOE87128.1
1415630	AHC34548.1
1415630	AHC34036.1
1283291	CRL48092.1
1283291	CRN07303.1
1283291	CRL48592.1
1283291	CRN07165.1
1207075	AFY18284.1
1207075	AFY21003.1
69328	AGZ34081.1
69328	AGZ36688.1
69328	QQZ37549.1
69328	QQZ35212.1
69328	AGZ34081.1
69328	AGZ36688.1
69328	QQZ37549.1
69328	QQZ35212.1
1495331	AIB41326.1
1495331	AIB40803.1
2069256	AUZ60881.1
2069256	AUZ60712.1
2749807	QPO19799.1
2749807	QPO19287.1
1855380	SDT47401.1
1855380	SDT36959.1
316	AZO89152.1
316	AZO91747.1
316	AZO83879.1
316	AZO86349.1
47883	VCU67049.1
47883	VCU67521.1
47883	AZE60238.1
47883	AZE59723.1
47883	QUW65412.1
47883	AZE53615.1
47883	AZE54249.1
47883	SDU50486.1
47883	SDU45208.1
47883	AZE72034.1
47883	AZE71528.1
47883	VTR02578.1
47883	VTR03748.1
47883	AZE77697.1
47883	AZE77094.1
47883	AZE66177.1
47883	AZE65607.1
317	SDR92794.1
317	QQQ51944.1
317	QNR44879.1
629264	QUP68517.1
251701	SOS32867.1
317	AZV25536.1
317	AZV26034.1
317	QVI71753.1
103796	AQX62209.1
317	QBI64485.1
103796	AQX68104.1
1104679	AOE55862.1
1095103	AKT29374.1
1104678	AQL36554.1
103796	ATV19352.1
103796	APQ02576.1
103796	APP96721.1
103796	AYL14543.1
1108972	AYL79852.1
192087	AVX24066.1
663959	SOS28395.1
264451	SOS19546.1
264451	SOS22269.1
199201	ALU59577.1
59511	QQN26002.1
629265	QHF00293.1
1324931	AKF44920.1
205918	AAY36383.1
321	AVB24903.1
323	AVI83780.1
223283	AAO55044.1
223283	NP_791349.1
317	QWB08838.1
317	QVK33600.1
317	QVI81754.1
1357287	QHF07233.1
1332075	ALE00946.1
1357289	QGG75097.1
47884	SQF85712.1
47884	SQF87670.1
47884	VEH50862.1
47884	VEH48789.1
470150	QOJ93734.1
470150	QOJ93585.1
2745511	QXI07357.1
2745511	QXI07870.1
2725477	BCG26513.1
2725477	BCG26241.1
29442	ARB29907.1
29442	ARB31616.1
29442	QXQ20024.1
29442	QXQ20515.1
2745518	QXH85278.1
2745518	QXH85774.1
200450	SDS47465.1
200450	SDS62395.1
200450	AKS05515.1
200450	AKS06013.1
2518644	QBF25522.1
2518644	QBF27964.1
198618	SDS22492.1
198618	SDS52464.1
198618	QJC78360.1
198618	QJC77849.1
198618	QFG28219.1
198618	QFG28767.1
95300	SDV11579.1
95300	SDU88973.1
2745495	QXI29674.1
2745495	QXI27213.1
1295141	SBW82044.1
1295141	SBW79229.1
76761	UHH31931.1
76761	UHH31458.1
76761	AQY65243.1
76761	AQY64722.1
76761	QCG64448.1
76761	QCG68410.1
1788301	ALE89447.1
1788301	ALE87505.1
33069	SMS11642.1
33069	QXG48863.1
33069	QXG27974.1
33069	QXG42370.1
33069	QXG38370.1
33069	QXG32995.1
33069	QVI87104.1
2745490	QXI39759.1
2745490	QXI37420.1
485895	QXI44394.1
485895	QXI44607.1
2842356	QXH45816.1
2842356	QXH48254.1
515393	QLG91593.1
515393	QLG92043.1
515393	SDU41558.1
515393	SDU08627.1
2745510	QXI13645.1
2745510	QXI13151.1
1235591	ARQ01754.1
1235591	ARQ01756.1
2777186	QSS98250.1
2777186	QSS98253.1
2777186	QSS98252.1
357804	ABM02410.1
666685	AGG87428.1
666685	AGG90254.1
582702	QEE23913.1
582702	QEE23568.1
2778082	QRP65732.1
2778082	QRP63097.1
1898103	AUM00125.1
1898103	AUM00123.1
674703	AMN41983.1
674703	AMN41981.1
475937	UGV26770.1
475937	UGV26772.1
316055	ABJ06717.1
316055	ABJ06719.1
316056	ABD88150.1
316056	ABD88152.1
316057	ABE39841.1
316057	ABE39843.1
258594	CAE28098.1
258594	NP_947999.1
258594	CAE28096.1
258594	NP_947997.1
1076	QLH71690.1
1076	QLH71691.1
652103	ADU44434.1
652103	ADU44436.1
1076	QDL97366.1
1076	QDL97364.1
316058	ABD07560.1
316058	ABD07562.1
1076	AVT76755.1
1076	AVT76753.1
395960	ACF01438.1
395960	ACF01436.1
1076	QQM04182.1
1076	QQM04180.1
1076	AVT81551.1
1076	AVT81553.1
340268	QUS40074.1
340268	QUS40072.1
340268	QUS40074.1
340268	QUS40072.1
2728875	QJE74852.1
414684	ACI97975.1
34085	QZO83107.1
34085	QYQ96643.1
34085	QYQ96646.1
1354240	AIH01649.1
1354240	AIH01647.1
34085	AQY21094.1
34085	AQY21097.1
1228997	AFR34653.1
1228997	AFR34656.1
34085	QWU97811.1
34085	QWU97814.1
34085	QDE20671.1
34085	QDE20674.1
207340	QET95465.1
207340	QET95507.1
257708	APT59292.1
257708	APT57067.1
207340	AWV23770.1
207340	AWV23210.1
2018065	ATR22996.1
2018065	ATR20468.1
2897332	UFN51018.1
2897332	UFN48091.1
2590015	QDF66648.1
392500	ACA88631.1
392500	ACA88632.1
1454006	AJR02907.1
1454006	AJR02904.1
1789672	UEM18955.1
1789672	UEM21801.1
1789672	UEM21527.1
1817965	UEM01641.1
1817965	UEM03000.1
1817965	UEM04433.1
2775420	QQP89980.1
2775420	QQP90272.1
2775420	QQP91390.1
330920	QLD82775.1
59803	QLD75759.1
639283	ADH89110.1
639283	ADH89112.1
94	BBK30046.1
94	BBK33323.1
2709380	QJP17457.1
2709380	QJP12828.1
2558175	BBK38678.1
2558175	BBK35562.1
217070	BBK44544.1
217070	BBK41100.1
216778	AXQ49263.1
465721	AMN47896.1
2283483	QHG90963.1
2590021	QFR43470.1
525898	ACZ12683.1
525898	ACZ12713.1
760154	AFL69023.1
760154	AFL69057.1
1193502	AOO65823.1
1193502	AOO65904.1
66821	QEH07052.1
66821	QEH07129.1
1150621	AHJ13562.1
1150621	AHJ13639.1
1854492	QIR75198.1
1854492	QIR75313.1
1854493	QIR77865.1
1854493	QIR77965.1
220622	ATB70162.1
220622	ATB70251.1
1986224	ARU49293.1
1986224	ARU49354.1
2013514	ASC94103.1
2013514	ASC94163.1
1442551	QNI67444.1
1353134	QPN60224.1
1353138	QPN65602.1
943830	QND75335.1
943830	QND71060.1
1404741	UFS78730.1
1404741	UFS78105.1
2592814	QDM24496.1
2592814	QDM22328.1
2592815	QDM19519.1
2592815	QDM17355.1
2592817	QDM29708.1
2592817	QDM27613.1
2592816	QDM32754.1
2592816	QDM34801.1
1911684	AUD63971.1
1911684	AUD63970.1
1911684	AUD63709.1
1911684	AUD63615.1
1911683	AUD65763.1
1911683	AUD64259.1
1911683	AUD66100.1
708113	BCJ90934.1
708113	BCJ90936.1
44139	AVR89085.1
44139	AVR89086.1
96773	APR05953.1
96773	APR05954.1
1134435	AMO36828.1
1134435	AMO36827.1
2005884	ATE60578.1
2005884	ATE60579.1
85643	ACR01803.1
85643	ACR01804.1
316276	QGU33822.1
521689	UHD17754.1
765911	AFL74513.1
1385625	QQO52128.1
1803865	AZR82101.1
2675054	BBP45736.1
252967	QEN04417.1
252967	QEN04418.1
252967	QEN06363.1
1110502	AFK53184.1
1110502	AFK53194.1
744512	QOS41019.1
692036	VIP01306.1
692036	VTR98038.1
1649555	BAT60649.1
1649555	BAT60647.1
1074311	AXY02514.1
553239	ANO33390.1
666	QKU57998.1
29495	QPL55771.1
672	QNE02570.1
672	AIL72208.1
672	AMG10004.1
672	ASJ40265.1
672	AAO08190.1
672	NP_763200.1
672	QBN16260.1
216895	AAO08190.1
216895	NP_763200.1
216895	QBN16260.1
1246305	AVX01866.1
672	QET74731.1
672	ALM72552.1
672	ANH64914.1
672	ANN28140.1
672	ARN67569.1
672	ASC58685.1
672	AUL97282.1
672	QBH28636.1
914127	ADV88132.1
1219061	ASM98089.1
672	QMV39411.1
672	AUJ37712.1
196600	BAC96165.1
196600	NP_936195.1
2749995	QXP80759.1
2749995	QXP80080.1
1936080	APY08804.1
1936080	APY08801.1
754417	ARV09396.1
754417	ARV09399.1
2762324	QNK77369.1
2762324	QNK79178.1
754409	BAO75019.1
754409	BAO75020.1
754409	BAO75018.1
754409	BAO75022.1
280	UDQ89047.1
280	UDQ89045.1
78245	ABS69644.1
78245	ABS69642.1
2528964	QRG05134.1
2528964	QRG05132.1
2080469	AVZ79324.1
2080469	AVZ79326.1
1202772	AIG55926.1
1202772	AIG56230.1
1202772	AIG56195.1
1202772	AIG56392.1
1202772	AIG56512.1
1202772	AIG55846.1
1202772	AIG55960.1
1202772	AIG56029.1
1202772	AIG56030.1
1202772	AIG56036.1
1202772	AIG56197.1
1202772	AIG56198.1
1202772	AIG56231.1
1202772	AIG56254.1
1202772	AIG56254.1
1202772	AIG56254.1
1202772	AIG56445.1
1202772	AIG55961.1
1202772	AIG56146.1
1202772	AIG56157.1
1202772	AIG56485.1
1202772	AIG56486.1
890382	CCA22143.1
890382	CCA17083.1
890382	CCA18992.1
890382	CCA14249.1
104782	UJR26865.1
38785	CAE5959079.1
38785	CAE5958867.1
38785	CAE5957229.1
38785	CAE5959106.1
38785	CAE5959105.1
38785	CAE6243959.1
38785	CAE6241702.1
38785	CAE6224669.1
38785	CAE6202162.1
38785	CAE6159715.1
38785	CAE6189386.1
38785	CAE6112493.1
38785	CAE6076526.1
38785	CAE6112049.1
38785	CAE6076525.1
38785	CAE6079526.1
38785	CAE6112158.1
38785	CAE6075317.1
38785	CAE6076343.1
38785	CAE6112067.1
38785	CAE6174812.1
38785	CAE6193200.1
38785	CAE6112366.1
38785	CAE6112366.1
38785	CAE6197680.1
38785	CAE6118230.1
38785	CAE6112433.1
38785	CAE6076523.1
38785	CAE6169961.1
38785	CAE6193187.1
38785	CAE6112472.1
38785	CAE6112472.1
38785	CAE5967131.1
38785	CAE5969185.1
38785	CAE5972252.1
38785	CAE5963105.1
38785	CAE5971310.1
38785	CAE5974650.1
38785	CAE5967433.1
38785	CAE5964492.1
38785	CAE5964492.1
38785	CAE6012958.1
38785	CAE6015966.1
38785	CAE5984190.1
38785	CAE6039308.1
38785	CAE6062469.1
38785	CAE5966458.1
38785	CAE5962827.1
38785	CAE6246874.1
38785	CAE6247654.1
38785	CAE6259870.1
38785	CAE6191658.1
38785	CAE6166663.1
38785	CAE6107808.1
38785	CAE5990069.1
38785	CAE5966047.1
38785	CAE5970629.1
38785	CAE6214423.1
38785	CAE6076375.1
38785	CAE6262043.1
182096	BCR83035.1
182096	BCR89383.1
182096	BCR87253.1
182096	BCR86239.1
3702	AAM62473.1
3702	AAO41887.1
3702	AED92832.1
3702	CAA56134.1
3702	NP_197533.1
3702	AED92833.1
3702	CAA56135.1
3702	NP_197534.1
3702	AAD15611.2
3702	AAL38261.1
3702	AAL38749.1
3702	AAM20175.1
3702	AAM61152.1
3702	AEC08004.1
3702	AEC08005.1
3702	AEC08006.1
3702	NP_565652.1
3702	AAC17632.1
3702	AAO42272.1
3702	AEE28790.1
3702	AEE28791.1
3702	ANM61145.1
3702	NP_172647.1
3702	AAD22313.1
3702	AEC06477.1
3702	NP_179219.1
3702	AAB97119.1
3702	AAC27853.1
3702	AAM14919.1
3702	AEC09701.1
3702	NP_181494.1
3702	AAD26909.1
3702	AAM15281.1
3702	AEC05971.1
3702	BAF01341.1
3702	NP_178637.2
3702	AAM53322.1
3702	AAN65119.1
3702	AEE84029.1
3702	ANM66061.1
3702	CAA16806.1
3702	CAB78836.1
3702	NP_193568.2
3702	AAC14508.2
3702	AAM67102.1
3702	AAO63352.1
3702	AEC07865.1
3702	AEC07866.1
3702	BAC43250.1
3702	NP_565627.1
3702	AAL36038.1
3702	AAM64664.1
3702	AAN28806.1
3702	AEE83722.1
3702	ANM66280.1
3702	CAB10405.1
3702	CAB78668.1
3702	NP_193361.1
3702	AAM20432.1
3702	AAN72161.1
3702	AEE83368.1
3702	CAA49853.1
3702	CAB10187.1
3702	CAB78450.1
3702	CAD5327849.1
3702	CBD28564.1
3702	NP_193144.1
3702	AAF08559.1
3702	AAG51622.1
3702	AEE36026.1
3702	NP_177902.1
3702	AAA32755.1
3702	AAA32864.1
3702	AAM20519.1
3702	AAM63339.1
3702	AAM91247.1
3702	AAN60315.1
3702	ABZ02901.1
3702	ABZ02902.1
3702	ABZ02903.1
3702	ABZ02904.1
3702	ABZ02905.1
3702	ABZ02906.1
3702	ABZ02907.1
3702	ABZ02908.1
3702	ABZ02909.1
3702	ABZ02910.1
3702	ABZ02911.1
3702	ABZ02912.1
3702	ABZ02913.1
3702	ABZ02914.1
3702	ABZ02915.1
3702	ABZ02916.1
3702	ABZ02917.1
3702	ABZ02918.1
3702	ABZ02919.1
3702	ABZ02920.1
3702	ABZ02921.1
3702	ABZ02922.1
3702	ABZ02923.1
3702	ABZ02924.1
3702	ABZ02925.1
3702	ABZ02926.1
3702	ABZ02927.1
3702	ABZ02928.1
3702	ABZ02929.1
3702	ABZ02930.1
3702	ABZ02931.1
3702	ABZ02932.1
3702	ABZ02933.1
3702	ABZ02934.1
3702	ABZ02935.1
3702	ABZ02936.1
3702	ABZ02937.1
3702	ABZ02938.1
3702	ABZ02939.1
3702	ABZ02940.1
3702	ABZ02941.1
3702	ABZ02942.1
3702	ABZ02943.1
3702	ABZ02944.1
3702	ABZ02945.1
3702	ABZ02946.1
3702	ABZ02947.1
3702	ABZ02948.1
3702	ABZ02949.1
3702	ABZ02950.1
3702	ABZ02951.1
3702	ABZ02952.1
3702	ABZ02953.1
3702	ABZ02954.1
3702	ABZ02955.1
3702	ABZ02956.1
3702	ABZ02957.1
3702	ABZ02958.1
3702	ABZ02959.1
3702	ABZ02960.1
3702	ABZ02961.1
3702	ABZ02962.1
3702	ABZ02963.1
3702	ABZ02964.1
3702	ABZ02965.1
3702	ABZ02966.1
3702	ABZ02967.1
3702	ABZ02968.1
3702	ABZ02969.1
3702	ABZ02970.1
3702	ABZ02971.1
3702	ABZ02972.1
3702	ABZ02973.1
3702	ABZ02974.1
3702	ABZ02975.1
3702	ABZ02976.1
3702	ABZ02977.1
3702	ABZ02978.1
3702	ABZ02979.1
3702	ABZ02980.1
3702	ABZ02981.1
3702	ABZ02982.1
3702	ABZ02983.1
3702	ABZ02984.1
3702	ABZ02985.1
3702	ABZ02986.1
3702	ABZ02987.1
3702	ABZ02988.1
3702	ABZ02989.1
3702	ABZ02990.1
3702	ABZ02991.1
3702	ABZ02992.1
3702	ABZ02993.1
3702	ABZ02994.1
3702	AEE79633.1
3702	ANM63774.1
3702	CAB68132.1
3702	NP_191285.1
3702	AAF02143.1
3702	AAF20214.1
3702	AAM65039.1
3702	AAO64098.1
3702	AEE74528.1
3702	BAC42699.1
3702	CBD28561.1
3702	CBD28562.1
3702	CBD28563.1
3702	NP_187388.1
3702	NP_683538.1
3702	AAF08558.1
3702	AAG51620.1
3702	AEE36025.1
3702	NP_177901.1
3702	AAF31288.1
3702	AAM53268.1
3702	AAN15367.1
3702	AEE31533.1
3702	NP_174563.1
3702	ABE66032.1
3702	ABK28613.1
3702	AEE80259.1
3702	CAB71111.1
3702	CAD5326485.1
3702	CAD5326486.1
3702	NP_191740.1
3702	AAK76666.1
3702	AAM66982.1
3702	AAN12934.1
3702	AEE79383.1
3702	BAD94999.1
3702	CAB75901.1
3702	NP_191103.1
3702	AAL59955.1
3702	AAM20105.1
3702	AAM65893.1
3702	AEE85621.1
3702	AEE85621.2
3702	AEE85622.1
3702	ATI97316.1
3702	ATI97317.1
3702	ATI97318.1
3702	ATI97319.1
3702	ATI97320.1
3702	ATI97321.1
3702	ATI97322.1
3702	ATI97323.1
3702	CAB79694.1
3702	NP_567828.1
3702	NP_567828.3
3702	NP_849556.1
3702	AEE85258.1
3702	ANM66369.1
3702	BAF01977.1
3702	CAB36529.1
3702	CAB79538.1
3702	NP_194413.1
3702	AAM64490.1
3702	ABE65959.1
3702	ABK28569.1
3702	AEE76811.1
3702	BAB01853.1
3702	CBD33722.1
3702	NP_189019.1
3702	AAK59446.1
3702	AAL34291.1
3702	AEE75372.1
3702	AEE75373.1
3702	AEE75374.1
3702	ANM64915.1
3702	ANM64916.1
3702	BAB01763.1
3702	BAH19959.1
3702	BAH57260.1
3702	NP_187965.1
3702	AEE75728.1
3702	BAB02311.1
3702	NP_188201.1
3702	AAL77689.1
3702	AAM66024.1
3702	ABH04632.1
3702	AED96596.1
3702	AED96597.1
3702	BAB08587.1
3702	AAG12865.1
3702	AAG52058.1
3702	AAM96962.1
3702	AAN15733.1
3702	AEE31176.1
3702	ANM58219.1
3702	NP_174300.1
3702	AAG12932.1
3702	AAG51762.1
3702	ABI93926.1
3702	AEE34485.1
3702	CAK22289.1
3702	NP_176799.1
3702	AAD12708.2
3702	AAM62724.1
3702	AEC05475.1
3702	AEC05476.1
3702	ANM61539.1
3702	NP_565269.1
3702	AAL66985.1
3702	AAN12906.1
3702	AED94854.1
3702	BAB10628.1
3702	BAE99425.1
3702	NP_199086.1
3702	AAL91612.1
3702	AAM91467.1
3702	AED96784.1
3702	BAB09876.1
3702	NP_200470.1
3702	AAL38817.1
3702	AAM20191.1
3702	AED92838.1
3702	NP_197539.1
3702	AAY78830.1
3702	AED92858.1
3702	NP_197556.1
3702	AAK96881.1
3702	AAM61429.1
3702	AAP68302.1
3702	AED94767.1
3702	AED94768.1
3702	BAB08443.1
3702	NP_199025.1
3702	AED98347.1
3702	ANM69336.1
3702	BAB08454.1
3702	NP_201547.1
3702	AAF97351.1
3702	AAG27906.1
3702	AAG51282.1
3702	AEE31571.1
3702	NP_174592.1
3702	AEE86384.1
3702	ANM66617.1
3702	CAA18827.1
3702	CAB80165.1
3702	NP_195174.3
3702	AEE78173.1
3702	CAB62327.1
3702	NP_190241.1
3702	AAM61105.1
3702	ABE66024.1
3702	ABK28605.1
3702	AEE79634.1
3702	CAB68133.1
3702	NP_191286.1
3702	AAA32756.1
3702	AAP04151.1
3702	AEE79631.1
3702	BAF01474.1
3702	CAB68130.1
3702	NP_191283.1
3702	NP_191283.2
3702	AAZ74751.1
3702	AAZ74752.1
3702	AAZ74753.1
3702	AAZ74754.1
3702	AAZ74755.1
3702	AAZ74756.1
3702	AAZ74757.1
3702	AAZ74758.1
3702	AAZ74759.1
3702	AAZ74760.1
3702	AAZ74761.1
3702	AAZ74762.1
3702	AAZ74763.1
3702	AAZ74764.1
3702	AED93290.1
3702	AED93291.1
3702	ANM69702.1
3702	ANM69703.1
3702	BAF02203.1
3702	NP_001031936.1
3702	AEE83858.1
3702	BAC42089.1
3702	CAB10499.1
3702	CAB80989.1
3702	NP_193451.2
3702	AAC16474.1
3702	AAD10143.1
3702	AAM14870.1
3702	AEC06881.1
3702	ANM63144.1
3702	NP_179534.1
3702	AAF05860.1
3702	ABJ98575.1
3702	AEE74025.1
3702	NP_187051.1
3702	AEE85864.1
3702	BAF01260.1
3702	CAB79832.1
3702	NP_194843.1
3702	AED97951.1
3702	BAA97291.1
3702	NP_201284.1
3702	AED92520.1
3702	BAB09480.1
3702	NP_197323.1
3702	AAD38251.1
3702	AAS99718.1
3702	AEE34283.1
3702	AEE34284.1
3702	BAD43273.1
3702	BAD44619.1
3702	BAD95084.1
3702	NP_176656.1
3702	AAL24251.1
3702	AAN18179.1
3702	AED96996.1
3702	BAB11001.1
3702	NP_200617.2
3702	AAY78755.1
3702	ABE65960.1
3702	AEE76890.1
3702	BAB02933.1
3702	NP_189076.1
3702	AED92899.1
3702	NP_197587.1
3702	AAO41952.1
3702	AAO50650.1
3702	AED97058.1
3702	BAB10263.1
3702	NP_200656.1
3702	AEE79441.1
3702	AEE79441.2
3702	CAB81603.1
3702	NP_191137.1
3818	QHN91350.1
3818	QHN91351.1
3818	QHN88319.1
3818	QHN88320.1
3818	QHN88321.1
3818	QHN88322.1
3818	QHN80801.1
3818	QHN80802.1
3818	QHN93109.1
3818	QHN87612.1
3818	QHN92797.1
3818	QHN92798.1
3818	QHN90968.1
3818	QHN79659.1
3818	QHN92663.1
3818	QHN91816.1
3818	QHN84542.1
3818	QHN84543.1
3818	QHN77895.1
3818	QHN77896.1
3818	QHN76606.1
3818	QHO57044.1
3818	QHO57045.1
3818	QHO55717.1
3818	QHO49165.1
3818	QHO55722.1
3818	QHO55721.1
3818	QHO55720.1
3818	QHO59632.1
3818	QHO50638.1
3818	QHO55719.1
3818	QHO51038.1
3818	QHO55723.1
3818	QHO55718.1
3818	QHO59124.1
3818	QHO55208.1
3818	QHO02969.1
3818	QHN99579.1
3818	QHO06666.1
3818	QHO07652.1
3818	QHN99573.1
3818	QHN98379.1
3818	QHN98380.1
3818	QHO07538.1
3818	QHO06121.1
3818	QHO07262.1
3818	QHN99575.1
3818	QHO06665.1
3818	QHO11468.1
3818	QHO06046.1
3818	AGA95870.1
3818	AGA95871.1
3818	QHO00903.1
3818	QHO00904.1
3818	QHN99572.1
3818	QHN99574.1
3818	QHN94592.1
3818	QHO08884.1
3818	QHO04247.1
3818	QHO04248.1
3818	QHO11224.1
3818	QHN99578.1
3818	QHO07370.1
3818	QHN98547.1
3818	QHO06667.1
3818	QHO11524.1
3818	QHO09796.1
3818	QHO10351.1
3818	QHO10406.1
3818	QHN95210.1
3818	QHN95211.1
3818	QHO30552.1
3818	QHO40628.1
3818	QHO39816.1
3818	QHO41529.1
3818	QHO37082.1
3818	QHO37083.1
3818	QHO33741.1
3818	QHO42876.1
3818	QHO38365.1
3818	QHO37740.1
3818	QHO44823.1
3818	QHO36087.1
3818	QHO37741.1
3818	QHO38423.1
3818	QHO38424.1
3818	QHO39819.1
3818	QHO47617.1
3818	QHO31068.1
3818	QHO38461.1
3818	QHO39820.1
3818	QHO37738.1
3818	QHO29502.1
3818	QHO21612.1
3818	QHO26672.1
3818	QHO26673.1
3818	QHO14539.1
3818	QHO27524.1
3818	QHO27094.1
3818	QHO27095.1
3818	QHO28442.1
3818	QHO21146.1
3818	QHO13594.1
3818	QHO19435.1
3818	QHN86932.1
3818	QHN82732.1
3818	QHN87765.1
3818	QHO48397.1
3818	QHO51162.1
3818	QHO51163.1
3818	QHO50064.1
3818	QHO48526.1
3818	QHO51420.1
3818	QHO51161.1
3818	QHO58555.1
3818	QHN97827.1
3818	QHO02488.1
3818	QHO05440.1
3818	QHO06258.1
3818	QHO01280.1
3818	QHO01281.1
3818	QHO40825.1
3818	QHO37493.1
3818	QHO47045.1
3818	QHO32265.1
3818	QHO20665.1
3818	QHO20666.1
3818	QHO18379.1
3818	QHO17714.1
3818	QHO17715.1
3818	QHO18488.1
3818	QHO16441.1
3818	QHO27387.1
3818	QIH97874.1
5059	QMW45776.1
5059	QMW38366.1
5059	QMW36860.1
5059	QMW36913.1
5059	QMW46467.1
5059	UCK58824.1
5059	UCK57188.1
5059	UCK57187.1
5059	UCK57248.1
5059	UDD62555.1
5059	UDD63342.1
5059	QRD89241.1
5059	QRD87628.1
5059	QRD89175.1
5059	QRD94570.1
5059	QRD93805.1
332952	QMW24858.1
332952	QMW26283.1
332952	QMW24913.1
332952	QMW33730.1
332952	QMW34414.1
1069201	BCR94696.1
1069201	BCS01560.1
1069201	BCS03676.1
1069201	BCS00559.1
1069201	BCR97352.1
1069201	BCS12328.1
1069201	BCS07286.1
1069201	BCS13276.1
1069201	BCS15297.1
1069201	BCS09817.1
227321	CAY05233.1
227321	EAA59604.1
227321	EAA59935.1
227321	ABF50869.1
227321	EAA60742.1
227321	ABF50849.1
227321	EAA64258.1
227321	EAA66273.1
425011	CAK39383.1
425011	CAK47024.1
425011	CAK47997.1
425011	CAK49181.1
425011	CAK45395.1
510516	BAE54624.1
510516	CAY05237.1
510516	BAE54672.1
510516	BAE55626.1
510516	BAE63623.1
510516	BAE64088.1
510516	CAY05236.1
1220207	BCS29420.1
1220207	BCS24296.1
1220207	BCS21222.1
1220207	BCS25161.1
1220207	BCS25884.1
62690	VDB89162.1
62690	VDB88375.1
62690	VDB89163.1
62690	VDB89901.1
62690	VDB91131.1
62690	VDB95307.1
62690	VDB95235.1
62690	VDB85827.1
332648	ATZ53132.1
332648	ATZ46547.1
332648	ATZ47406.1
332648	ATZ48138.1
332648	ATZ47405.1
332648	ATZ45636.1
332648	ATZ52344.1
999810	CCD34315.1
999810	CCD34552.1
999810	CCD34629.1
999810	CCD51797.1
999810	CCD54974.1
999810	CCD43796.1
3711	AQV11929.1
3711	CAA54952.1
3711	AAK00677.1
3711	AAK00676.1
3711	VDC62858.1
3711	VDC62676.1
3711	VDC61556.1
3711	VDC58686.1
3711	VDC61280.1
3711	VDC62678.1
3711	VDC59122.1
3711	VDC62857.1
3711	VDC73103.1
3711	VDC84150.1
3711	VDC85966.1
3711	VDC74468.1
3711	VDC85944.1
3711	VDC74316.1
3711	VDC77380.1
3711	VDC72680.1
3711	VDC72469.1
3711	VDC82984.1
3711	VDC89171.1
3711	VDC69156.1
3711	VDC86893.1
3711	VDC69932.1
3711	VDC76750.1
3711	VDC83546.1
3711	VDC72470.1
3711	VDC79503.1
3711	VDC70852.1
3711	VDC87626.1
3711	VDC80680.1
3711	VDC75536.1
3711	VDC81479.1
3711	VDC73883.1
3711	VDD06195.1
3711	VDD10608.1
3711	VDC96691.1
3711	VDD18698.1
3711	VDD10610.1
3711	VDD10604.1
3711	VDD10614.1
3711	VDC99823.1
3711	VDC93462.1
3711	VDD04041.1
3711	VDD10606.1
3711	VDD18728.1
3711	VDC99238.1
3711	VDC98987.1
3711	VDD05183.1
3711	VDD00236.1
3711	VDD10612.1
3711	VDC98467.1
3711	VDC99384.1
3711	VDD17774.1
3711	VDD07815.1
3711	VDD10838.1
3711	VDD03551.1
3711	VDD10616.1
3711	VDC96269.1
3711	VDC91268.1
3711	CAG7905457.1
3711	CAG7901115.1
3711	CAG7905454.1
3711	CAG7885118.1
3711	CAG7875187.1
3711	CAG7878173.1
3711	CAG7905595.1
3711	CAG7877451.1
3711	CAG7905456.1
3711	CAG7883816.1
3711	CAG7905453.1
3711	CAG7905460.1
3711	CAG7877668.1
3711	CAG7884473.1
3711	CAG7902875.1
3711	CAG7902656.1
3711	CAG7865816.1
3711	CAG7910804.1
3711	CAG7910055.1
3711	CAG7865813.1
3711	CAG7910218.1
3711	CAG7860205.1
3711	CAG7902801.1
3711	CAG7865814.1
3711	CAG7865622.1
3711	CAG7903116.1
3711	CAG7860666.1
3711	CAG7899914.1
3711	CAG7902368.1
3711	CAG7903331.1
3711	CAG7865815.1
3711	CAG7865621.1
3711	CAG7898531.1
3711	CAG7864311.1
3711	CAG7897510.1
3711	CAG7863986.1
3711	CAG7899067.1
3711	CAG7897883.1
3711	CAG7910788.1
3711	CAG7881348.1
3711	CAG7891993.1
3711	CAG7882191.1
3711	CAG7893789.1
3711	CAG7889358.1
3711	CAG7880075.1
3711	CAG7890133.1
3711	CAG7888075.1
3711	CAG7886789.1
3711	CAG7892504.1
3711	CAG7892005.1
3711	CAG7895044.1
3711	CAG7886944.1
3711	CAG7892902.1
3711	CAG7886330.1
3711	CAG7883015.1
3711	CAG7881316.1
3711	CAG7896283.1
3711	VDC58924.1
3711	VDC59275.1
3711	VDC74157.1
3711	VDC79124.1
3711	VDC86002.1
3711	VDC83878.1
3711	VDC75442.1
3711	VDC86542.1
3711	VDD19043.1
3711	VDC96565.1
3711	VDC93331.1
3711	VDD17953.1
3711	VDD17907.1
3711	CAG7860858.1
3711	CAG7910392.1
3711	CAG7860461.1
3711	CAG7910970.1
3711	CAG7910367.1
3711	CAG7879680.1
3711	CAG7892027.1
3711	CAG7892308.1
3711	CAG7887972.1
3711	CAG7896214.1
3711	CAG7886617.1
3711	VDC62720.1
3711	VDC99398.1
3711	CAG7865666.1
3711	CAG7902882.1
3712	ABO87659.1
3712	VDD61780.1
3712	VDD61459.1
3712	VDD48586.1
3712	VDD57639.1
3712	VDD48806.1
3712	VDD52430.1
3712	VDD57454.1
3712	VDD46552.1
3712	VDD62507.1
3712	VDD57643.1
3712	VDD48029.1
3712	VDD55053.1
3712	VDD55897.1
3712	VDD57644.1
3712	VDD57649.1
3712	VDD54867.1
3712	VDD62132.1
3712	VDD57650.1
3712	VDD57452.1
3712	VDD51550.1
3712	VDD50217.1
3712	VDD35831.1
3712	VDD27530.1
3712	VDD39904.1
3712	VDD33129.1
3712	VDD44060.1
3712	VDD28857.1
3712	VDD40441.1
3712	VDD36280.1
3712	VDD46257.1
3712	VDD32347.1
3712	VDD28317.1
3712	VDD40929.1
3712	VDD32120.1
3712	VDD44420.1
3712	VDD33109.1
3712	VDC90550.1
3712	VDC87913.1
3712	VDD09635.1
3712	VDC92862.1
3712	VDC90878.1
3712	VDD09636.1
3712	VDD00845.1
3712	VDD23537.1
3712	VDD20059.1
3712	VDD20057.1
3712	VDD08235.1
3712	VDD10641.1
3712	VDC98144.1
3712	VDD05252.1
3712	VDD25738.1
3712	VDD09618.1
3712	VDD08472.1
3712	VDD09809.1
3712	VDD22056.1
3712	VDD09621.1
3712	VDD04081.1
3712	VDC99108.1
3712	VDD09627.1
3712	VDD20082.1
3712	ABD65105.1
3712	VDD50094.1
3712	VDD48379.1
3712	VDD47411.1
3712	VDD28593.1
3712	VDD29049.1
3712	VDD36111.1
3712	VDD27426.1
3712	VDD40741.1
3712	VDD32570.1
3712	VDD32530.1
3712	VDD28601.1
3712	VDD33395.1
3712	VDC87055.1
3712	VDD00623.1
3712	VDD20141.1
3712	VDD20926.1
3712	VDD62143.1
3712	VDD57503.1
3712	VDD00857.1
3711	AQV11929.1
3711	CAA54952.1
3711	AAK00677.1
3711	AAK00676.1
3711	VDC62858.1
3711	VDC62676.1
3711	VDC61556.1
3711	VDC58686.1
3711	VDC61280.1
3711	VDC62678.1
3711	VDC59122.1
3711	VDC62857.1
3711	VDC73103.1
3711	VDC84150.1
3711	VDC85966.1
3711	VDC74468.1
3711	VDC85944.1
3711	VDC74316.1
3711	VDC77380.1
3711	VDC72680.1
3711	VDC72469.1
3711	VDC82984.1
3711	VDC89171.1
3711	VDC69156.1
3711	VDC86893.1
3711	VDC69932.1
3711	VDC76750.1
3711	VDC83546.1
3711	VDC72470.1
3711	VDC79503.1
3711	VDC70852.1
3711	VDC87626.1
3711	VDC80680.1
3711	VDC75536.1
3711	VDC81479.1
3711	VDC73883.1
3711	VDD06195.1
3711	VDD10608.1
3711	VDC96691.1
3711	VDD18698.1
3711	VDD10610.1
3711	VDD10604.1
3711	VDD10614.1
3711	VDC99823.1
3711	VDC93462.1
3711	VDD04041.1
3711	VDD10606.1
3711	VDD18728.1
3711	VDC99238.1
3711	VDC98987.1
3711	VDD05183.1
3711	VDD00236.1
3711	VDD10612.1
3711	VDC98467.1
3711	VDC99384.1
3711	VDD17774.1
3711	VDD07815.1
3711	VDD10838.1
3711	VDD03551.1
3711	VDD10616.1
3711	VDC96269.1
3711	VDC91268.1
3711	CAG7905457.1
3711	CAG7901115.1
3711	CAG7905454.1
3711	CAG7885118.1
3711	CAG7875187.1
3711	CAG7878173.1
3711	CAG7905595.1
3711	CAG7877451.1
3711	CAG7905456.1
3711	CAG7883816.1
3711	CAG7905453.1
3711	CAG7905460.1
3711	CAG7877668.1
3711	CAG7884473.1
3711	CAG7902875.1
3711	CAG7902656.1
3711	CAG7865816.1
3711	CAG7910804.1
3711	CAG7910055.1
3711	CAG7865813.1
3711	CAG7910218.1
3711	CAG7860205.1
3711	CAG7902801.1
3711	CAG7865814.1
3711	CAG7865622.1
3711	CAG7903116.1
3711	CAG7860666.1
3711	CAG7899914.1
3711	CAG7902368.1
3711	CAG7903331.1
3711	CAG7865815.1
3711	CAG7865621.1
3711	CAG7898531.1
3711	CAG7864311.1
3711	CAG7897510.1
3711	CAG7863986.1
3711	CAG7899067.1
3711	CAG7897883.1
3711	CAG7910788.1
3711	CAG7881348.1
3711	CAG7891993.1
3711	CAG7882191.1
3711	CAG7893789.1
3711	CAG7889358.1
3711	CAG7880075.1
3711	CAG7890133.1
3711	CAG7888075.1
3711	CAG7886789.1
3711	CAG7892504.1
3711	CAG7892005.1
3711	CAG7895044.1
3711	CAG7886944.1
3711	CAG7892902.1
3711	CAG7886330.1
3711	CAG7883015.1
3711	CAG7881316.1
3711	CAG7896283.1
3711	VDC58924.1
3711	VDC59275.1
3711	VDC74157.1
3711	VDC79124.1
3711	VDC86002.1
3711	VDC83878.1
3711	VDC75442.1
3711	VDC86542.1
3711	VDD19043.1
3711	VDC96565.1
3711	VDC93331.1
3711	VDD17953.1
3711	VDD17907.1
3711	CAG7860858.1
3711	CAG7910392.1
3711	CAG7860461.1
3711	CAG7910970.1
3711	CAG7910367.1
3711	CAG7879680.1
3711	CAG7892027.1
3711	CAG7892308.1
3711	CAG7887972.1
3711	CAG7896214.1
3711	CAG7886617.1
3711	VDC62720.1
3711	VDC99398.1
3711	CAG7865666.1
3711	CAG7902882.1
5007	QOU22629.1
5007	QOU20278.1
5007	QOU22707.1
5007	QOU18930.1
5007	QOU20117.1
13502	QPG76745.1
13502	QPG76670.1
13502	QPG75919.1
13502	QPG74253.1
13502	QPG74409.1
237561	CAY05234.1
237561	EAL03023.1
237561	EAL03186.1
237561	AOW29820.1
237561	AOW28906.1
237561	AOW27981.1
237561	AOW28996.1
237561	AOW25936.1
573826	CAX44497.1
573826	CAX44189.1
573826	CAX42003.1
573826	CAX41759.1
573826	CAX42094.1
1136231	CCG21949.1
1136231	CCG22480.1
1136231	CCG26047.1
1136231	CCG23974.1
1136231	CCG23752.1
5480	CCE40615.1
5480	CCE43991.1
5480	CCE44582.1
5480	CCE44939.1
5480	CCE44358.1
170446	QRV75013.1
170446	QRV89709.1
170446	QRW03916.1
36911	QFZ38698.1
36911	QFZ38683.1
36911	QFZ40307.1
36911	QFZ39012.1
36911	QFZ41047.1
36911	QFZ27680.1
36911	QFZ27665.1
36911	QFZ27351.1
36911	QFZ29703.1
36911	QFZ28959.1
36911	QFZ35353.1
36911	QFZ33028.1
36911	QFZ33341.1
36911	QFZ33013.1
36911	QFZ34622.1
36911	QFZ50058.1
36911	QFZ50043.1
36911	QFZ51649.1
36911	QFZ50371.1
36911	QFZ52393.1
36911	QFZ44365.1
36911	QFZ46728.1
36911	QFZ45987.1
36911	QFZ44380.1
36911	QFZ44694.1
443226	QVM11393.1
443226	QVM12021.1
73501	ATY67280.1
73501	ATY67306.1
73501	ATY64843.1
73501	ATY65116.1
73501	ATY63087.1
294750	KGB79281.2
367775	ADV25740.1
235443	AFR98574.1
235443	AFR98574.2
178876	AUB28743.1
214684	AAW47222.1
214684	AAW47222.2
5207	UOH85421.1
36022	CDR36306.1
36022	CDR37236.1
36022	CDR37843.1
36022	CDR40786.1
36022	CDR42477.1
36022	CDR46624.1
284592	CAG86316.1
284592	CAG88557.1
284592	CAG88512.1
284592	CAG85772.1
284592	CAG90862.1
284592	CAY05231.1
877507	QPH12219.1
877507	QPG98530.1
877507	QPH00443.1
877507	QPG93489.1
877507	QPG93885.1
931890	AET40400.1
931890	AET40504.1
931890	AET40390.1
284811	AAS54137.1
284811	AAS54148.2
1034331	AEY98463.1
1034331	AEY98474.1
45286	AMD21802.1
45286	AMD21984.1
45286	AMD21974.1
5499	UJO23882.1
5499	UJO20245.1
5499	UJO14831.1
5499	UJO16123.1
5499	UJO17210.1
5499	UJO13947.1
5499	UJO17243.1
5499	UJO11257.1
5516	QPC61276.1
5516	QPC58860.1
5516	QPC63592.1
5516	QPC64140.1
5516	QPC67004.1
5516	QPC59593.1
5127	QGI89385.1
5127	QGI91783.1
5127	QGI96371.1
5127	QGI94402.1
5127	QGJ00576.1
5127	QGI65490.1
5127	QGI60882.1
5127	QGI58475.1
5127	QGI63520.1
5127	QGI69688.1
5127	QGI82738.1
5127	QGI75695.1
5127	QGI80797.1
5127	QGI78069.1
5127	QGI87033.1
1279085	CCT62042.1
1279085	CCT69665.1
1279085	CCT64267.1
1279085	CCT64555.1
1279085	CCT67472.1
1279085	CCT74252.1
229533	CEF86434.1
229533	CEF77483.1
229533	SCB65345.1
229533	CEF84856.1
229533	CEF73349.1
229533	CEF78351.1
5518	CZS73934.1
5518	CZS74539.1
5518	CZS83882.1
5518	CZS80776.1
5518	CZS76619.1
5518	AAO34674.1
5518	CZS81646.1
101028	QPC78631.1
101028	QPC70265.1
101028	QPC72477.1
101028	QPC72999.1
101028	QPC75749.1
101028	QPC70955.1
56646	CEI68891.1
56646	CEI65025.1
56646	CEI40110.1
56646	CEI61252.1
56646	CEI41041.1
56646	CEI62088.1
660027	QKD49574.1
660027	QKD53268.1
660027	QKD52953.1
660027	QKD47842.1
660027	QKD55547.1
660027	QKD61100.1
447093	QSS69160.1
447093	QSS76021.1
447093	QSS72686.1
447093	QSS68032.1
544711	QSS55528.1
544711	QSS53389.1
544711	QSS51160.1
544711	QSS49555.1
5037	QSS58419.1
5037	QSS65781.1
5037	QSS63389.1
5037	QSS60378.1
1071382	CCF57643.1
1071382	CCF58948.1
1071382	CCF60040.1
1071382	CCF57649.1
696354	ANH56428.1
696354	ANH56450.1
696354	ANH56452.1
696354	ANH56425.1
1071383	CCK70113.1
1071383	CCK70394.1
1071383	CCK72388.1
1071383	CCK72383.1
28985	QEU59641.1
28985	QEU59641.1
28985	QEU62647.1
28985	QEU62647.1
28985	QEU58878.1
28985	QEU58878.1
28985	QEU58923.1
28985	QEU58923.1
284590	CAH02728.1
284590	CAH01679.1
284590	CAG99521.1
284590	CAG97925.1
284590	CAY05230.1
4911	QGN14245.1
4911	QGN17772.1
4911	QGN15617.1
4911	QGN17760.1
4911	BAP73896.1
4911	BAP70057.1
4911	BAP71385.1
4911	BAP73884.1
1003335	BAO38507.1
1003335	BAO39903.1
1003335	BAO39903.2
1003335	BAO42509.1
1003335	BAO42496.1
4922	ANZ75137.1
4922	ANZ76551.1
4922	ANZ78117.1
4922	ANZ73790.1
460519	AOA62028.1
460519	AOA62655.1
981350	CCA38930.1
981350	SOP81601.1
981350	CCA36394.1
981350	SOP78915.1
981350	CCA37346.1
981350	SOP79917.1
981350	CCA38425.1
981350	SOP81054.1
644223	AOA66532.1
644223	CAY67290.1
644223	AOA65572.1
644223	CAY68276.1
644223	AOA67342.1
644223	CAY68653.1
644223	AOA67597.1
644223	CAY69184.1
460519	AOA61426.1
460519	AOA61771.1
559295	CAR21769.1
559295	CAR21778.1
559295	CAR23359.1
559295	CAR25341.1
75948	CAB4079832.1
75948	CAB4080829.1
75948	CAB4083638.1
75948	CAB4080584.1
75948	CAB4088603.1
75948	CAB4080492.1
75948	CAB4079831.1
75948	CAB4080273.1
75948	CAB4083955.1
75948	CAB4086284.1
75948	CAB4088016.1
75948	CAB4085523.1
75948	CAB4080835.1
75948	CAB4079833.1
75948	CAB4097694.1
75948	CAB4090377.1
75948	CAB4092701.1
75948	CAB4099438.1
75948	CAB4098512.1
75948	CAB4098670.1
75948	CAB4090822.1
75948	CAB4090208.1
75948	CAB4098369.1
75948	CAB4093610.1
75948	CAB4107510.1
75948	CAB4107884.1
75948	CAB4106720.1
75948	CAB4102928.1
75948	CAB4104451.1
75948	CAB4105162.1
75948	CAB4101771.1
75948	CAB4108256.1
75948	CAB4105694.1
75948	CAB4100224.1
75948	CAB4100966.1
75948	CAB4108830.1
75948	CAB4114694.1
75948	CAB4115465.1
75948	CAB4114693.1
75948	CAB4074426.1
75948	CAB4076172.1
75948	CAB4076262.1
75948	CAB4100662.1
75948	CAB4110528.1
75948	CAB4080237.1
75948	CAB4080237.1
75948	CAB4089488.1
75948	CAB4077560.1
75948	CAB4077785.1
75948	CAB4091896.1
75948	CAB4097800.1
75948	CAB4095925.1
75948	CAB4094168.1
75948	CAB4105273.1
75948	CAB4100049.1
75948	CAB4075464.1
75948	CAB4085571.1
75948	CAB4114605.1
688394	CDS06589.1
688394	CDS11662.1
688394	CDS07285.1
688394	CDS09972.1
688394	CDS10168.1
985895	CBX92291.1
985895	CBX98004.1
985895	CBX95976.1
985895	CBX97327.1
985895	CBX93684.1
985895	CBX95593.1
985895	CBX90501.1
985895	CBX92768.1
1398559	CDI56670.1
1398559	CDI56641.1
2163413	QBM89549.1
2163413	QBM89068.1
2163413	QBM87671.1
2163413	QBM89533.1
2163413	QBM90213.1
500148	QLI63758.1
500148	QLI66934.1
500148	QLI73935.1
500148	QLI66323.1
500148	QLI72008.1
500148	QLI71524.1
559304	CCE86651.1
559304	CCE85548.1
559304	CCE83086.1
559304	CCE82163.1
559304	CCE81147.1
559304	CCE80382.1
559304	CCE79643.1
559304	CCE88931.1
559304	CCE82795.1
559304	CCE81864.1
61207	QSZ28694.1
61207	QSZ35382.1
61207	QSZ36851.1
61207	QSZ35564.1
61207	QSZ31209.1
61207	QSZ37323.1
1071378	CCD23096.1
1071378	CCD24684.1
1071378	CCD26822.1
1071378	CCD23099.1
1064592	CCC66735.1
1064592	CCC69819.1
1064592	CCC70484.1
1064592	CCC70487.1
214687	CAG1862533.1
214687	CAG1858659.1
214687	CAG1862169.1
214687	CAG1860864.1
214687	CAG1862925.1
214687	CAG1849496.1
214687	CAG1859468.1
214687	CAG1855960.1
214687	CAG1863182.1
214687	CAG1858020.1
214687	CAG1856447.1
214687	CAG1835285.1
214687	CAG1830959.1
214687	CAG1847963.1
214687	CAG1832472.1
214687	CAG1832435.1
214687	CAG1832485.1
214687	CAG1848161.1
214687	CAG1832167.1
214687	CAG1837631.1
214687	CAG1839756.1
214687	CAG1844795.1
214687	CAG1838694.1
214687	CAG1838166.1
214687	CAG1844237.1
214687	CAG1845485.1
214687	CAG1846278.1
214687	CAG1853516.1
214687	CAG1852579.1
214687	CAG1865565.1
214687	CAG1865384.1
214687	CAG1853636.1
214687	CAG1854233.1
214687	CAG1863994.1
214687	CAG1852066.1
214687	CAG1865209.1
214687	CAG1864523.1
214687	CAG1841071.1
214687	CAG1850152.1
214687	CAG1851517.1
214687	CAG1844029.1
214687	CAG1841213.1
214687	CAG1841008.1
214687	CAG1851867.1
214687	CAG1832474.1
214687	CAG1832473.1
214687	CAG1844896.1
214687	CAG1837837.1
214687	CAG1852351.1
214687	CAG1862061.1
214687	CAG1849245.1
214687	CAG1862266.1
214687	CAG1855779.1
214687	CAG1855801.1
214687	CAG1836524.1
214687	CAG1836252.1
214687	CAG1832706.1
214687	CAG1830568.1
214687	CAG1839932.1
214687	CAG1853393.1
214687	CAG1853563.1
214687	CAG1841688.1
214687	CAG1841655.1
214687	CAG1851474.1
214687	CAG1851385.1
214687	CAG1851584.1
214687	CAG1853233.1
367110	XP_327633.1
367110	XP_332018.1
367110	XP_326236.1
367110	EAA29849.1
367110	XP_331567.1
210225	VVV78594.1
210225	VVW60569.1
756982	EGX49925.1
756982	EGX49571.1
756982	EGX45983.1
756982	EGX45311.1
756982	EGX44443.1
756982	EGX50922.1
321614	QRD07209.1
321614	QRD04149.1
321614	QRC98595.1
321614	QRD01685.1
321614	QRC90333.1
321614	QRC97203.1
321614	QRC96667.1
321614	QRC96668.1
286661	QIW95847.1
286661	QIW95350.1
286661	QIW94742.1
286661	QIX00431.1
286661	QIX00265.1
286661	QIX02470.1
542832	UIZ28880.1
542832	UIZ27337.1
542832	UIZ21931.1
542832	UIZ21795.1
542832	UIZ21797.1
542832	UIZ21797.1
542832	UIZ24978.1
36651	QQK46021.1
36651	QQK47549.1
36651	QQK43291.1
36651	QQK48355.1
36651	QQK46848.1
500485	CAP79943.1
500485	CAP94977.1
500485	CAP82907.1
500485	CAP97696.1
500485	CAP91942.1
4909	AWU76469.1
4909	AWU75429.1
4909	AWU74880.1
4909	AWU74034.1
38082	QSL66629.1
48703	VBB87201.1
48703	VBB77008.1
48703	VBB73106.1
48703	VBB72704.1
515849	CAP65657.1
515849	CDP32718.1
515849	CAP67704.1
515849	CDP23963.1
515849	CAP69574.1
515849	CDP23590.1
515849	CAP70307.1
515849	CDP26900.1
2060973	UNI15128.1
2060973	UNI22244.1
2060973	UNI21974.1
2060973	UNI15929.1
2060973	UNI17289.1
97479	CAE7210770.1
97479	CAE7015759.1
97479	CAE7188970.1
97479	CAE7199451.1
97479	CAE7194820.1
97479	CAE7000969.1
97479	CAE7011273.1
3755	ABR13272.1
3755	BBH05903.1
3755	BBH04515.1
3755	BBH04798.1
3755	BBH05179.1
3755	BBH08220.1
3755	BBH04299.1
3755	BBH08503.1
3755	BBH07287.1
3755	BBN70191.1
3755	BBH08340.1
3755	BBH09414.1
3755	BBH09991.1
3755	BBN67192.1
3755	BBG94070.1
3755	BBG94922.1
3755	BBG93430.1
3755	BBG93091.1
3755	BBG94578.1
3755	BBG98634.1
3755	BBG99090.1
3755	BBH02645.1
3755	BBG98402.1
3755	BBG98131.1
3755	BBH02275.1
3755	BBH01099.1
3755	BBG97968.1
3755	BBN68241.1
3755	BBN70193.1
3755	BBN70193.1
3755	BBN68086.1
3755	BBN68086.1
3755	BBN68086.1
3755	BBN68086.1
3755	BBN68087.1
3755	BBN68087.1
3755	BBN70546.1
3755	BBN70546.1
3755	BBG98178.1
3755	BBH08390.1
3755	BBH05589.1
3755	BBH05589.1
3755	BBH08145.1
3755	BBH04600.1
3755	BBG95418.1
3755	BBG92307.1
3755	BBH00606.1
3755	BBG98177.1
318829	QBZ63646.1
318829	QBZ58737.1
318829	QBZ66400.1
318829	QBZ66498.1
318829	QBZ64310.1
318829	QBZ63585.1
318829	QBZ62347.1
242507	CAY05225.1
242507	XP_362244.1
242507	XP_362137.1
242507	CAY05226.1
242507	XP_366181.1
242507	XP_364774.1
242507	XP_003718109.1
242507	XP_368381.1
242507	XP_003721355.1
242507	XP_366373.1
242507	CAY05227.1
242507	EHA52064.1
242507	XP_369441.1
456999	QRW17901.1
456999	QRW20708.1
5286	CDR39650.1
4932	QHB08618.1
4932	QHB11034.1
4932	QHB08922.1
4932	QHB08925.1
4932	CAD6640483.1
4932	CAD6626710.1
4932	CAD6625579.1
4932	CAD6626716.1
643680	CAY80038.1
643680	CAY79730.1
643680	CAY82140.1
643680	CAY80041.1
4932	CAC9935348.1
4932	CAC9943881.1
4932	CAC9933901.1
4932	CAD6625642.1
4932	CAD6624202.1
4932	CAD6639503.1
4932	CAC9935365.1
4932	CAD6625656.1
4932	CAC9935348.1
4932	CAC9943881.1
4932	CAC9933901.1
4932	CAD6625642.1
4932	CAD6624202.1
4932	CAD6639503.1
4932	CAC9935365.1
4932	CAD6625656.1
4932	CAD6627715.1
4932	CAD6628612.1
4932	CAD6646022.1
4932	CAD6628624.1
4932	CAD6640182.1
4932	CAD6625053.1
4932	CAD6626370.1
4932	CAD6626383.1
4932	CAC9942443.1
4932	CAC9933918.1
4932	CAC9935363.1
4932	CAD6624454.1
4932	CAD6625851.1
4932	CAD6639576.1
4932	CAC9935378.1
4932	CAD6625863.1
4932	CAC9942443.1
4932	CAC9933918.1
4932	CAC9935363.1
4932	CAD6624454.1
4932	CAD6625851.1
4932	CAD6639576.1
4932	CAC9935378.1
4932	CAD6625863.1
1220494	CAE6485205.1
1220494	CAE6482733.1
1220494	CAE6515358.1
1220494	CAF1599139.1
1220494	CAF1573131.1
1220494	CAF1575378.1
1220494	CAE6485232.1
1220494	CAF1575399.1
1220494	CAE6485205.1
1220494	CAE6482733.1
1220494	CAE6515358.1
1220494	CAF1599139.1
1220494	CAF1573131.1
1220494	CAF1575378.1
1220494	CAE6485232.1
1220494	CAF1575399.1
4932	CAC9934031.1
4932	CAC9943258.1
4932	CAC9935467.1
4932	CAD6643307.1
4932	CAD6627510.1
4932	CAD6627042.1
4932	CAC9935482.1
4932	CAD6627519.1
4932	CAC9934031.1
4932	CAC9943258.1
4932	CAC9935467.1
4932	CAD6643307.1
4932	CAD6627510.1
4932	CAD6627042.1
4932	CAC9935482.1
4932	CAD6627519.1
4932	CAC9935350.1
4932	CAC9933899.1
4932	CAC9943786.1
4932	CAD6625902.1
4932	CAD6642335.1
4932	CAD6626799.1
4932	CAC9935366.1
4932	CAD6626802.1
4932	CAC9935350.1
4932	CAC9933899.1
4932	CAC9943786.1
4932	CAD6625902.1
4932	CAD6642335.1
4932	CAD6626799.1
4932	CAC9935366.1
4932	CAD6626802.1
4932	CAC9912041.1
4932	CAC9912926.1
4932	CAC9918547.1
4932	CAD6483991.1
4932	CAD6469817.1
4932	CAD6469530.1
4932	CAC9912936.1
4932	CAD6469820.1
4932	CAC9912041.1
4932	CAC9912926.1
4932	CAC9918547.1
4932	CAD6483991.1
4932	CAD6469817.1
4932	CAD6469530.1
4932	CAC9912936.1
4932	CAD6469820.1
1296266	AJP39044.1
1296266	AJP38760.1
1296266	AJP41000.1
1296266	AJP39047.1
1293430	AJR92902.1
1293430	AJR93187.1
1293430	AJS77036.1
1293430	AJR93190.1
1292971	AJR92406.1
1292971	AJR92684.1
1292971	AJS76597.1
1292971	AJR92687.1
1294334	AJR94183.1
1294334	AJR93906.1
1294334	AJS77910.1
1294334	AJR94186.1
1294333	AJR93690.1
1294333	AJR93407.1
1294333	AJS77475.1
1294333	AJR93693.1
1294336	AJR94906.1
1294336	AJR95186.1
1294336	AJS78773.1
1294336	AJR95189.1
1294335	AJR94686.1
1294335	AJR94402.1
1294335	AJS78349.1
1294335	AJR94689.1
1294337	AJR95654.1
1294337	AJR95404.1
1294337	AJS79210.1
1294337	AJR95657.1
1294338	AJR95831.1
1294338	AJS79649.1
1294339	AJR96592.1
1294339	AJR96319.1
1294339	AJS80087.1
1294339	AJR96595.1
1294340	AJR97085.1
1294340	AJR96806.1
1294340	AJS80523.1
1294340	AJR97088.1
1294341	AJR97581.1
1294341	AJR97298.1
1294341	AJS80952.1
1294341	AJR97584.1
1294343	AJS19318.1
1294343	AJS19598.1
1294343	AJS81824.1
1294343	AJS19601.1
1294342	AJR97798.1
1294342	AJR98080.1
1294342	AJS81386.1
1294342	AJR98083.1
1294344	AJS82265.1
1294344	AKB01604.1
1294344	AKB01354.1
1294344	AKB01607.1
1294345	AJS19816.1
1294345	AJS20083.1
1294345	AJS82693.1
1294345	AJS20086.1
1294346	AJS20305.1
1294346	AJS20585.1
1294346	AJS83126.1
1294346	AJS20588.1
1294347	AJS20800.1
1294347	AJS21083.1
1294347	AJS83561.1
1294347	AJS21086.1
1294348	AJS21589.1
1294348	AJS21304.1
1294348	AJS83999.1
1294348	AJS21592.1
1294350	AJS22579.1
1294350	AJS22299.1
1294350	AJS84858.1
1294350	AJS22582.1
1294349	AJS22081.1
1294349	AJS21808.1
1294349	AJS84436.1
1294349	AJS22084.1
1294351	AJS23084.1
1294351	AJS22800.1
1294351	AJS85302.1
1294351	AJS23087.1
1294352	AJS23576.1
1294352	AJS23299.1
1294352	AJS85741.1
1294352	AJS23579.1
1294353	AJS23795.1
1294353	AJS24079.1
1294353	AJS86178.1
1294353	AJS24082.1
1294355	AJS25075.1
1294355	AJS24791.1
1294355	AJS87050.1
1294355	AJS25078.1
1294354	AJS24299.1
1294354	AJS24572.1
1294354	AJS86616.1
1294354	AJS24575.1
1294356	AJS25292.1
1294356	AJS25575.1
1294356	AJS87487.1
1294356	AJS25578.1
1294357	AJS26068.1
1294357	AJS25791.1
1294357	AJS87924.1
1294357	AJS26071.1
1294358	AJS26568.1
1294358	AJS26291.1
1294358	AJS88350.1
1294358	AJS26571.1
1294359	AJS26783.1
1294359	AJS27055.1
1294359	AJS88791.1
1294359	AJS27058.1
1294360	AJS27547.1
1294360	AJS27271.1
1294360	AJS89231.1
1294360	AJS27550.1
1294361	AJS27763.1
1294361	AJS28042.1
1294361	AJS89669.1
1294361	AJS28045.1
1294362	AJS28527.1
1294362	AJS28255.1
1294362	AJS90106.1
1294362	AJS28530.1
1294363	AJS28743.1
1294363	AJS29023.1
1294363	AJS90540.1
1294363	AJS29026.1
1294364	AJS29517.1
1294364	AJS29241.1
1294364	AJS90974.1
1294364	AJS29520.1
1294365	AJS29738.1
1294365	AJS30017.1
1294365	AJS91410.1
1294365	AJS30020.1
1294366	AJR98583.1
1294366	AJR98298.1
1294366	AJS91853.1
1294366	AJR98586.1
1294367	AJR98804.1
1294367	AJR99077.1
1294367	AJS92291.1
1294367	AJR99080.1
1294369	AJR99796.1
1294369	AJS00075.1
1294369	AJS93165.1
1294369	AJS00078.1
1294368	AJR99295.1
1294368	AJR99576.1
1294368	AJS92730.1
1294368	AJR99579.1
1294371	AJS00787.1
1294371	AJS01067.1
1294371	AJS94041.1
1294371	AJS01070.1
1294372	AJS01277.1
1294372	AJS01557.1
1294372	AJS94470.1
1294372	AJS01560.1
1294373	AJS02043.1
1294373	AJS01769.1
1294373	AJS94897.1
1294373	AJS02046.1
1294374	AJS02535.1
1294374	AJS02266.1
1294374	AJS95337.1
1294374	AJS02538.1
1294375	AJS02743.1
1294375	AJS03011.1
1294375	AJS95751.1
1294375	AJS03014.1
1294376	AJS03239.1
1294376	AJS03523.1
1294376	AJS96194.1
1294376	AJS03526.1
1294370	AJS00291.1
1294370	AJS00568.1
1294370	AJS93604.1
1294370	AJS00571.1
1294377	AJS03981.1
1294377	AJS03740.1
1294377	AJS96631.1
1294377	AJS03984.1
1294378	AJS04194.1
1294378	AJS04475.1
1294378	AJS97065.1
1294378	AJS04478.1
1294379	AJS04695.1
1294379	AJS97504.1
1294380	AJS05170.1
1294380	AJS05454.1
1294380	AJS97940.1
1294380	AJS05457.1
1294381	AJS05949.1
1294381	AJS05670.1
1294381	AJS98375.1
1294381	AJS05952.1
1294382	AJS06439.1
1294382	AJS06168.1
1294382	AJS98807.1
1294382	AJS06442.1
1294383	AJS06658.1
1294383	AJS06938.1
1294383	AJS99243.1
1294383	AJS06941.1
1294384	AJS07440.1
1294384	AJS07159.1
1294384	AJS99681.1
1294384	AJS07443.1
1294385	AJS07662.1
1294385	AJS07941.1
1294385	AJT00120.1
1294385	AJS07944.1
1294386	AJS08159.1
1294386	AJS08440.1
1294386	AJT00562.1
1294386	AJS08443.1
1294387	AJS08639.1
1294387	AJS08917.1
1294387	AJT00998.1
1294387	AJS08920.1
1294388	AJS09082.1
1294388	AJS09361.1
1294388	AJT01439.1
1294388	AJS09364.1
1294303	AJR76080.1
1294303	AJR76364.1
1294303	AJS62172.1
1294303	AJR76367.1
1294304	AJR76580.1
1294304	AJR76860.1
1294304	AJS62607.1
1294304	AJR76863.1
1294305	AJR77079.1
1294305	AJR77358.1
1294305	AJS63044.1
1294305	AJR77361.1
1294306	AJR77862.1
1294306	AJR77577.1
1294306	AJS63482.1
1294306	AJR77865.1
1294307	AJR78081.1
1294307	AJS63916.1
1294308	AJR78845.1
1294308	AJR78565.1
1294308	AJS64354.1
1294308	AJR78848.1
1294309	AJR79060.1
1294309	AJR79344.1
1294309	AJS64789.1
1294309	AJR79347.1
947042	AJR79561.1
947042	AJR79845.1
947042	AJS65224.1
947042	AJR79848.1
468558	AJR80302.1
468558	AJR80022.1
468558	AJS65659.1
468558	AJR80305.1
947044	AJR80522.1
947044	AJR80804.1
947044	AJS66094.1
947044	AJR80807.1
1294310	AJR81025.1
1294310	AJR81307.1
1294310	AJS66529.1
1294310	AJR81310.1
502869	AJR81805.1
502869	AJR81527.1
502869	AJS66972.1
502869	AJR81808.1
1294311	AJR82300.1
1294311	AJR82024.1
1294311	AJS67408.1
1294311	AJR82303.1
1294312	AJR82799.1
1294312	AJR82518.1
1294312	AJS67849.1
1294312	AJR82802.1
1294313	AJR83296.1
1294313	AJR83016.1
1294313	AJS68290.1
1294313	AJR83299.1
1294314	AJR83794.1
1294314	AJR83510.1
1294314	AJS68725.1
1294314	AJR83797.1
1294315	AJR84011.1
1294315	AJR84294.1
1294315	AJS69162.1
1294315	AJR84297.1
1294316	AJR84793.1
1294316	AJR84511.1
1294316	AJS69601.1
1294316	AJR84796.1
1294317	AJR85294.1
1294317	AJR85015.1
1294317	AJS70038.1
1294317	AJR85297.1
1294318	AJR85782.1
1294318	AJR85511.1
1294318	AJS70476.1
1294318	AJR85785.1
1294319	AJR85999.1
1294319	AJR86281.1
1294319	AJS70917.1
1294319	AJR86284.1
1294320	AJR86780.1
1294320	AJR86498.1
1294320	AJS71352.1
1294320	AJR86783.1
1294321	AJR87281.1
1294321	AJR86998.1
1294321	AJS71784.1
1294321	AJR87284.1
1294322	AJR87737.1
1294322	AJR87500.1
1294322	AJS72225.1
1294322	AJR87740.1
1294323	AJR87950.1
1294323	AJR88233.1
1294323	AJS72661.1
1294323	AJR88236.1
1294324	AJR88733.1
1294324	AJR88450.1
1294324	AJS73099.1
1294324	AJR88736.1
1294325	AJR88951.1
1294325	AJS73534.1
1294326	AJR89423.1
1294326	AJR89706.1
1294326	AJS73972.1
1294326	AJR89709.1
1294327	AJR90206.1
1294327	AJR89923.1
1294327	AJS74414.1
1294327	AJR90209.1
1294328	AJR90424.1
1294328	AJR90695.1
1294328	AJS74838.1
1294328	AJR90698.1
1294329	AJR90910.1
1294329	AJS75279.1
1294329	AJR91193.1
1294330	AJR91407.1
1294330	AJR91691.1
1294330	AJS75718.1
1294330	AJR91694.1
1294332	AJR91907.1
1294332	AJR92191.1
1294332	AJS76160.1
1294332	AJR92194.1
1294331	AHY76761.1
1294331	AHY79613.1
1294331	AHY79342.1
1294331	AHY79616.1
27292	QID79795.1
27292	QID79516.1
27292	QID81815.1
27292	QID85051.1
27292	QID87443.1
27292	QID85323.1
27292	QID79798.1
27292	QID85326.1
27291	QHS73575.1
27291	QHS75576.1
27291	QHS73297.1
27291	QHS73578.1
322104	ABN67120.1
322104	ABN67120.2
322104	ABN67223.1
322104	ABN65343.1
322104	ABN65343.2
284812	CAB16200.1
284812	CAY05241.1
284812	NP_594455.1
665079	APA06410.1
665079	APA07914.1
665079	APA07044.1
665079	APA11454.1
665079	APA14200.1
665079	APA10768.1
72559	SJX66382.1
72559	SJX66426.1
1109443	CCA67070.1
1109443	CCA74788.1
1109443	CCA75227.1
1109443	CCA74878.1
1109443	CCA67640.1
1109443	CCA67642.1
1109443	CCA67643.1
999809	CBQ71356.1
999809	CBQ71401.1
49012	CDU24325.1
49012	CDR88960.1
51605	CAA2620907.1
51605	CAA2618465.1
51605	CAA2629253.1
51605	CAA2622498.1
51605	CAA2614201.1
51605	CAA2625435.1
51605	CAA2632425.1
51605	CAA2616862.1
51605	CAA2627108.1
51605	CAA2631286.1
51605	CAA2623106.1
51605	CAA2616860.1
51605	CAA2630770.1
51605	CAA2617901.1
51605	CAA2620119.1
51605	CAA2622500.1
51605	CAA2628151.1
51605	CAA2621401.1
51605	CAA2621876.1
51605	CAA2619338.1
51605	CAA2626542.1
51605	CAA2628034.1
51605	CAA2622499.1
51605	CAA2615209.1
51605	CAA7394364.1
51605	CAA7401413.1
51605	CAA7397027.1
51605	CAA7395354.1
51605	CAA7389691.1
51605	CAA7398530.1
51605	CAA7396189.1
51605	CAA7392118.1
51605	CAA2634487.1
51605	CAA7397474.1
51605	CAA7398529.1
51605	CAA7405361.1
51605	CAA7399079.1
51605	CAA7392678.1
51605	CAA7402611.1
51605	CAA7388457.1
51605	CAA7398526.1
51605	CAA7403179.1
51605	CAA7410707.1
51605	CAA7407599.1
51605	CAA7398528.1
51605	CAA7404240.1
51605	CAA7398527.1
51605	CAA7406999.1
51605	CAA7408740.1
51605	CAA7393676.1
51605	CAA7398531.1
51605	CAA7397928.1
51605	CAA7392120.1
51605	CAA7404121.1
51605	CAA2626949.1
51605	CAA2633657.1
51605	CAA2622755.1
51605	CAA2618859.1
51605	CAA2617207.1
51605	CAA2625180.1
51605	CAA7398785.1
51605	CAA7403022.1
51605	CAA7401159.1
51605	CAA7392861.1
51605	CAA7394854.1
51605	CAA7409956.1
51605	CAA2617058.1
796027	ANB11466.1
796027	ANB15075.1
796027	ANB14873.1
796027	ANB12238.1
796027	ANB14872.1
37727	QGA16381.1
37727	QGA20137.1
37727	QGA18890.1
37727	QGA16271.1
1071380	CCH58683.1
1071380	CCH60496.1
1071380	CCH60503.1
1071381	CCE61632.1
1071381	CCE61637.1
1071381	CCE63548.1
1071381	CCE65306.1
1071381	CCE65581.1
121627	QKX55192.1
121627	QKX54194.1
121627	QKX63442.1
121627	QKX63568.1
121627	QKX63216.1
74557	AIG55390.1
74557	AIG55423.1
74557	AIG55438.1
74557	AIG55518.1
74557	AIG55519.1
74557	AIG55545.1
74557	AIG55595.1
74557	AIG55614.1
74557	AIG55619.1
74557	AIG55672.1
74557	AIG55733.1
74557	AIG55733.1
74557	AIG55760.1
74557	AIG55417.1
74557	AIG55499.1
74557	AIG55638.1
74557	AIG55652.1
74557	AIG55724.1
573729	AEO54157.1
573729	AEO54524.1
573729	AEO55462.1
573729	AEO57324.1
578455	AEO65540.1
578455	AEO65848.1
578455	AEO69666.1
4950	CCE93069.1
4950	CCE93405.1
4950	CCE93398.1
48254	QLQ79823.1
48254	QLQ77788.1
48254	QLQ77781.1
48254	QLL32943.1
48254	QLL30221.1
48254	QLL30211.1
101201	UKZ91591.1
101201	UKZ84419.1
101201	UKZ85392.1
101201	UKZ95753.1
101201	UKZ92158.1
101201	UKZ96045.1
63577	UKZ71175.1
63577	UKZ62194.1
63577	UKZ61544.1
63577	UKZ59928.1
63577	UKZ61016.1
63577	UKZ71109.1
29875	UKZ47879.1
29875	UKZ46997.1
29875	UKZ46532.1
29875	UKZ57321.1
29875	UKZ55692.1
29875	UKZ55747.1
1491479	QYS94475.1
1491479	QYS93923.1
1491479	QYT00343.1
1491479	QYS92968.1
1491479	QYT05188.1
1491479	QYT00270.1
1331945	UKZ83038.1
1331945	UKZ73570.1
1331945	UKZ74436.1
1331945	UKZ73119.1
1331945	UKZ81458.1
1331945	UKZ81507.1
1159556	QUC18238.1
1159556	QUC21264.1
1159556	QUC20672.1
1159556	QUC16336.1
307758	SAM86204.1
307758	SAM86258.1
50376	QDS71410.1
50376	QDS76091.1
50376	QDS77173.1
50376	QDS69647.1
50376	QDS68294.1
50376	QDS74265.1
157739	BAT92082.1
157739	BAT99590.1
157739	BAT91160.1
157739	BAU00285.1
157739	BAT90410.1
157739	BAT90920.1
157739	BAT89614.1
157739	BAT87470.1
157739	BAT98579.1
157739	BAT97050.1
157739	BAT97304.1
157739	BAU03091.1
157739	BAT87304.1
157739	BAU01793.1
157739	BAT91510.1
157739	BAT94879.1
157739	BAT89786.1
157739	BAT73646.1
157739	BAT76339.1
157739	BAT74889.1
157739	BAT84278.1
157739	BAT80994.1
157739	BAT83030.1
157739	BAT72881.1
157739	BAT72744.1
157739	BAT82267.1
157739	BAT82748.1
157739	BAT85208.1
157739	BAT80677.1
157739	BAT80347.1
157739	BAT83791.1
157739	BAT77483.1
157739	BAT86062.1
157739	BAT79258.1
157739	BAT80346.1
157739	BAT85207.1
157739	BAT78215.1
157739	BAT81265.1
157739	BAT77366.1
157739	BAT88295.1
157739	BAU01946.1
157739	BAT87602.1
157739	BAT77285.1
157739	BAT82260.1
157739	BAT76434.1
157739	BAT76937.1
157739	BAT73321.1
157739	BAT79788.1
157739	BAT84910.1
157739	BAT78237.1
3917	QCD88823.1
3917	QCD88039.1
3917	QCD88546.1
3917	QCD84444.1
3917	QCD84444.1
3917	QCD83359.1
3917	QCD82856.1
3917	QCD80641.1
3917	QCD82855.1
3917	QCD91402.1
3917	QCD91250.1
3917	QCD82925.1
3917	QCD85226.1
3917	QCD85352.1
3917	QCD85943.1
3917	QCD82854.1
3917	QCD76979.1
3917	QCD77143.1
3917	QCE16814.1
3917	QCE16195.1
3917	QCE16195.1
3917	QCE04952.1
3917	QCD96983.1
3917	QCE12896.1
3917	QCD98464.1
3917	QCD99688.1
3917	QCE13350.1
3917	QCE08874.1
3917	QCD98878.1
3917	QCE13351.1
3917	QCE13347.1
3917	QCE02117.1
3917	QCD93945.1
3917	QCE10793.1
3917	QCE09467.1
3917	QCD96985.1
3917	QCE01177.1
3917	QCE01455.1
3917	QCE07523.1
3917	QCE11451.1
3917	QCD99579.1
3917	QCD99579.1
3917	QCE13349.1
3917	QCE09466.1
3917	QCE13348.1
3917	QCE01754.1
3917	QCD80176.1
3917	QCD92871.1
3917	QCD79837.1
3917	QCD84765.1
3917	QCD80719.1
3917	QCE14088.1
3917	QCD77325.1
3917	QCE16171.1
3917	QCE14087.1
3917	QCE15309.1
3917	QCD77834.1
3917	QCD97321.1
3917	QCD99592.1
3917	QCD93714.1
3917	QCD93926.1
3917	QCE00577.1
3917	QCD93728.1
3917	QCE01299.1
5421	CED83523.1
5421	CDZ97465.1
5421	CDZ96384.1
4952	AOW05739.1
4952	AOW07123.1
4952	AOW00513.1
4952	AOW04382.1
4952	AOW01175.1
284591	CAG79812.1
284591	CAG78174.1
284591	CAG83897.1
284591	CAG81275.1
284591	CAG82691.1
4952	QNQ01167.1
4952	QNQ00029.1
4952	QNQ01414.1
4952	QNP97995.1
4952	QNP95174.1
4952	QNP95764.1
1333698	CDF87555.1
1333698	CDF90510.1
1333698	CDF88755.1
559307	CAR26782.1
559307	CAR27804.1
559307	CAR29479.1
1365886	AQZ12186.1
1365886	AQZ17083.1
1365886	AQZ13489.1
1365886	AQZ11558.1
1365886	AQZ09713.1
1365886	AQZ16367.1
42260	QLG72953.1
42260	QLG73331.1
42260	QLG72945.1
1276532	SMR48652.1
1276532	SMR48682.1
1276532	SMR42016.1
1276532	SMR53139.1
1276532	SMR60289.1
1276532	SMR55001.1
1276532	SMR43216.1
1276529	SMY22563.1
1276529	SMY19353.1
1276529	SMY24882.1
1276529	SMY22533.1
1276529	SMY28743.1
1276529	SMY25829.1
1276529	SMY20536.1
1276538	SMQ52181.1
1276538	SMQ48864.1
1276538	SMQ45670.1
1276538	SMQ48834.1
1276538	SMQ55079.1
1276538	SMQ51237.1
1276538	SMQ46852.1
1276537	SMR54792.1
1276537	SMR49836.1
1276537	SMR44201.1
1276537	SMR63400.1
1276537	SMR49866.1
1276537	SMR57389.1
1276537	SMR45377.1
1434107	AKB82582.1
1434099	AKB48841.1
1434123	AKB45371.1
